0,uRfhuRNua_E,https://youtube.com/watch?v=uRfhuRNua_E,Make Fabric Face Mask at home | DIY Face Mask No Sewing Machine | Easy Face Mask Pattern,4:52,4.866666666666667,20M,6 days ago
1,U1mwc295aWw,https://youtube.com/watch?v=U1mwc295aWw,‚òîAwesome Face Mask Ideas at Home üíô How to Make Face Mask üçé Useful Face Mask Diy !,3:07,3.1166666666666667,9.4M,1 month ago
2,W6d3twpHwis,https://youtube.com/watch?v=W6d3twpHwis,A Doctor Explains How to Make the Safest Face Mask,14:56,14.933333333333334,8.8M,1 month ago
3,U4c5eo_3-y0,https://youtube.com/watch?v=U4c5eo_3-y0,DIY Face Mask Tutorial With Kay,4:24,4.4,8.5M,1 week ago
4,4FB--BOyTiU,https://youtube.com/watch?v=4FB--BOyTiU,How to SEW a Medical FACE MASK // TUTORIAL,6:20,6.333333333333333,7.4M,1 month ago
5,0Z5fs0xKVT4,https://youtube.com/watch?v=0Z5fs0xKVT4,EASY DIY Neoprene FaceMask / Cut Fabric / Mask Pattern (Adults&Kids) / Simple & Easy,3:57,3.95,7.3M,2 months ago
6,1r2C1zGUHbU,https://youtube.com/watch?v=1r2C1zGUHbU,DIY No Sew Face Mask Easy and Quick for Anyone,1:38,1.6333333333333333,6.7M,3 weeks ago
7,lOe_8z8k01U,https://youtube.com/watch?v=lOe_8z8k01U,"How to make EASY FACE MASK in 1 MINUTE - NO SEWING! WASHABLE, REUSABLE FACE MASK [XS-XXL]",6:11,6.183333333333334,6M,1 month ago
8,9K4dH3-LHLQ,https://youtube.com/watch?v=9K4dH3-LHLQ,Quick and Easy Pleated Face Mask with Nose Bridge and Filter Pocket. Details in Description,4:57,4.95,5.3M,3 weeks ago
9,9QrW4zIjMwY,https://youtube.com/watch?v=9QrW4zIjMwY,#SSOLPLEATEDMASKS How to sew a simple pleated face mask (with nose wire and filter slot),10:43,10.716666666666667,4.6M,1 month ago
10,VgHrnS6n4iA,https://youtube.com/watch?v=VgHrnS6n4iA,How to Make a Face Mask,9:39,9.65,4.5M,1 month ago
11,S9RWII2-5_4,https://youtube.com/watch?v=S9RWII2-5_4,DIY Covid-19 Fabric Mask (with Filter Pocket) Sewing Tutorial,3:20,3.3333333333333335,4.5M,1 month ago
12,CRBJ4JSVYpo,https://youtube.com/watch?v=CRBJ4JSVYpo,Face Mask Sewing Tutorial | How to make Face Mask with Filter Pocket | DIY Cloth Face Mask,6:22,6.366666666666666,4.5M,1 week ago
13,dLnjlCxk3YE,https://youtube.com/watch?v=dLnjlCxk3YE,üåπMake Awesome Face Mask at Home üçí Diy Face Mask üíú How to Make Face Mask !,2:36,2.6,4.5M,3 weeks ago
14,zm_NmpdgWWA,https://youtube.com/watch?v=zm_NmpdgWWA,How to SEW a REUSABLE FACE MASK  with FILTER POCKET// DIY Fabric Face mask // BATCH sew Medical mask,11:06,11.1,4.2M,3 weeks ago
15,inJQexwK8Yg,https://youtube.com/watch?v=inJQexwK8Yg,How to sew a reusable face mask - Quick and easy tutorial with Billette's Baubles,15:13,15.216666666666667,4.1M,1 month ago
16,r51YroAFPds,https://youtube.com/watch?v=r51YroAFPds,DIY Face Mask | NO SEW | Upcycled Tshirt | 5 Minutes,8:30,8.5,4M,2 weeks ago
17,xN0HH2Zb2hY,https://youtube.com/watch?v=xN0HH2Zb2hY,DIY: How to sew Face Mask | NO Sewing Machine!,10:24,10.4,4M,2 months ago
18,_6UcIDaxfqk,https://youtube.com/watch?v=_6UcIDaxfqk,For BEGINNERS! ‚ù§ How To Make A Fabric Face Mask At Home Easy,4:26,4.433333333333334,3.9M,3 weeks ago
19,BCJcE-r7kcg,https://youtube.com/watch?v=BCJcE-r7kcg,HOW TO MAKE FACE MASK WITH FILTER POCKET AND ADJUSTABLE WIRE/FACE MASK SEWING TUTORIAL/FACE MASK DIY,7:48,7.8,3.9M,1 month ago
20,wcMhjFNEqCo,https://youtube.com/watch?v=wcMhjFNEqCo,DIY reusable face mask tutorial step by step | homemade mask | step by step,3:57,3.95,3.6M,2 months ago
21,iNX0cRrYj6U,https://youtube.com/watch?v=iNX0cRrYj6U,How to Sew a Face Mask with Filter Pocket - Fast and Easy DIY Flu Mask,19:07,19.116666666666667,3.5M,1 month ago
22,fAKl4vVxTv0,https://youtube.com/watch?v=fAKl4vVxTv0,Making Your Own Mask At Home l DIY Economical Face Mask At Home During Covid-19,5:22,5.366666666666666,3.5M,1 month ago
23,eS71USSMEB0,https://youtube.com/watch?v=eS71USSMEB0,HANDMADE FACE MASK IDEAS | –ú–ê–°–ö–ê –ú–ï–î–ò–¶–ò–ù–°–ö–ê–Ø –°–í–û–ò–ú–ò –†–£–ö–ê–ú–ò,4:04,4.066666666666666,3.4M,1 month ago
24,ZnVk12sFRkY,https://youtube.com/watch?v=ZnVk12sFRkY,Instructional video for sewing the Olson mask (COVID-19),18:21,18.35,3.4M,1 month ago
25,VUasSmReIVo,https://youtube.com/watch?v=VUasSmReIVo,DIY FACE MASK from old clothes in 2 ways - Washable & Reusable face mask - No sewing machine,9:03,9.05,3.3M,4 weeks ago
26,XjWOv-6WCXA,https://youtube.com/watch?v=XjWOv-6WCXA,Face Mask Sewing Tutorial | How to sew a Face Mask | Cloth Face Mask No Sewing Machine,4:23,4.383333333333334,3.2M,2 weeks ago
27,o8OyV15ua24,https://youtube.com/watch?v=o8OyV15ua24,DIY Fabric Face Mask | Hobby Lobby¬Æ,2:20,2.3333333333333335,2.9M,3 weeks ago
28,RjIzW8uaxYs,https://youtube.com/watch?v=RjIzW8uaxYs,Face Mask Sewing Tutorial | How to make Cloth Face Mask | Simple 3D Face Mask,5:32,5.533333333333333,2.8M,2 weeks ago
29,zz0YpY6VqVU,https://youtube.com/watch?v=zz0YpY6VqVU,The 15 Minute Mask,21:46,21.766666666666666,2.7M,1 month ago
30,OPZSRwXnaqE,https://youtube.com/watch?v=OPZSRwXnaqE,Quick & Easy Bandana Face Mask Tutorial,2:27,2.45,2.6M,1 month ago
31,D-S4STsImwo,https://youtube.com/watch?v=D-S4STsImwo,‡∏´‡∏ô‡πâ‡∏≤‡∏Å‡∏≤‡∏Å‡∏≠‡∏ô‡∏≤‡∏°‡∏±‡∏¢‡∏ó‡∏≥‡πÄ‡∏≠‡∏á ‡πÅ‡∏ö‡∏ö‡∏ó‡∏µ‡πà 9 | How to make face mask,17:35,17.583333333333332,2.6M,1 month ago
32,tPx1yqvJgf4,https://youtube.com/watch?v=tPx1yqvJgf4,How to Make Your own Face Covering,0:46,0.7666666666666667,2.5M,3 weeks ago
33,ySJLeQYp4UM,https://youtube.com/watch?v=ySJLeQYp4UM,DIY Face Mask | How to make a Face Mask DIY Tutorial | Face Mask by Paper Towels,7:07,7.116666666666666,2.5M,4 weeks ago
34,FW1TCQDN4do,https://youtube.com/watch?v=FW1TCQDN4do,Tutorial on How to BATCH sew masks for hospitals!,4:01,4.016666666666667,2.3M,4 weeks ago
35,9tBg0Os5FWQ,https://youtube.com/watch?v=9tBg0Os5FWQ,"How to make a face mask for doctors, nurses and health care workers - COVID-19 - Deaconess Hospital",7:48,7.8,2.3M,1 month ago
36,Dy59oQArwXI,https://youtube.com/watch?v=Dy59oQArwXI,How to Make an N95 Mask out of a BRA DIY Do it Yourself Respirator Mask In My Opinion,19:39,19.65,2.3M,1 month ago
37,AhGUBjK10DI,https://youtube.com/watch?v=AhGUBjK10DI,DIY Face Mask with Elastic in 10 minutes - Sewing Tutorial,6:59,6.983333333333333,2.2M,3 weeks ago
38,DJZeT4GCD7U,https://youtube.com/watch?v=DJZeT4GCD7U,TAPABOCAS SIN M√ÅQUINA - MAKE FABRIC FACE MASK AT HOME - DIY FACE MASK NO SEWING MACHINE,2:20,2.3333333333333335,2.2M,4 days ago
39,-t_Gz3lGwF8,https://youtube.com/watch?v=-t_Gz3lGwF8,Best Fit Face Mask Tutorial Video,6:58,6.966666666666667,2.2M,2 weeks ago
40,X8PwwqAzD3I,https://youtube.com/watch?v=X8PwwqAzD3I,3 Easy Face Masks From Cloth Bag/ How to make disposable Face mask easily at home/ Easy,9:00,9,2.1M,1 month ago
41,v8HNYKvlaN8,https://youtube.com/watch?v=v8HNYKvlaN8,"To make the BEST DIY face mask, and what to use if you can‚Äôt find supplies.",18:10,18.166666666666668,2M,1 month ago
42,31CBnLw6wDU,https://youtube.com/watch?v=31CBnLw6wDU,Face Mask Sewing Tutorial | How to make Fabric Face Mask | Cloth Face Mask No Sewing Machine,6:01,6.016666666666667,1.9M,1 week ago
43,EAj12GKuAEk,https://youtube.com/watch?v=EAj12GKuAEk,"How To Make a Pleated Face Mask // Washable, Reusable, No-Sewing Required",1:43,1.7166666666666668,1.8M,1 month ago
44,ha6xEjnXO34,https://youtube.com/watch?v=ha6xEjnXO34,HOW TO DIY FACE MASK / NO SEW EASY TO MAKE / DOLLAR TREE DIY,7:07,7.116666666666666,1.7M,1 month ago
45,e5btJ0_KTU8,https://youtube.com/watch?v=e5btJ0_KTU8,How To Make a Mask At Home: 3 Easy DIY Masks,9:32,9.533333333333333,1.7M,2 weeks ago
46,lkHZO3CETsQ,https://youtube.com/watch?v=lkHZO3CETsQ,DIY Face Mask Video Tutorial,12:58,12.966666666666667,1.6M,1 month ago
47,3hcSCgAD8f8,https://youtube.com/watch?v=3hcSCgAD8f8,How To Turn A Bandana Into A Face Mask For Coronavirus,3:12,3.2,1.6M,3 weeks ago
48,Ol3jKp-YH8k,https://youtube.com/watch?v=Ol3jKp-YH8k,DIY NO SEW Face Mask | Just t-shirt & scissors | 2-4 mins | #Stayhome #Withme,7:40,7.666666666666667,1.6M,2 weeks ago
49,nauxXkljAVs,https://youtube.com/watch?v=nauxXkljAVs,Quick way to make face mask in 1 minute,2:17,2.283333333333333,1.5M,1 month ago
50,ZUvWbyj6MFQ,https://youtube.com/watch?v=ZUvWbyj6MFQ,How to make a NO SEW DIY FACE MASK - $0 Quick & Easy Tutorial,7:41,7.683333333333334,1.5M,1 month ago
51,TL9D6ZFtZHM,https://youtube.com/watch?v=TL9D6ZFtZHM,How to Sew a Surgical Face Mask for Hospitals | Sweet Red Poppy,3:07,3.1166666666666667,1.5M,1 month ago
52,aNjpH5lBZ8w,https://youtube.com/watch?v=aNjpH5lBZ8w,Experts devise do-it-yourself face masks to help people battle coronavirus,2:02,2.033333333333333,1.5M,2 months ago
53,BnhePGv0gmQ,https://youtube.com/watch?v=BnhePGv0gmQ,Tips & Tricks for Making Non-Surgical Protective Fabric Face Masks,4:43,4.716666666666667,1.4M,3 weeks ago
54,6hpzLQTy-SA,https://youtube.com/watch?v=6hpzLQTy-SA,DIY FABRIC FACE MASK: PRINTABLE PATTERN IN DESCRIPTION BOX WITH MEASUREMENTS,11:41,11.683333333333334,1.4M,1 month ago
55,mqjlY0XjIZk,https://youtube.com/watch?v=mqjlY0XjIZk,How to Make a Face Mask WITHOUT Elastic ... How to Make a Face Mask with Ties,30:30,30.5,1.4M,1 month ago
56,5we_5TYpXBY,https://youtube.com/watch?v=5we_5TYpXBY,5 EASY STEPS TO MAKE DIY FACE MASK by Yellow Heart üíõ,11:28,11.466666666666667,1.4M,2 months ago
57,u9MnDsUyYAA,https://youtube.com/watch?v=u9MnDsUyYAA,How to make disposable face mask from paper towel in just 5 minutes | Maison Zizou,4:27,4.45,1.3M,1 month ago
58,8Y74imX0BeI,https://youtube.com/watch?v=8Y74imX0BeI,"How to Crochet a Quick and Easy Face Mask, Face Warmer - V34",9:34,9.566666666666666,1.3M,1 month ago
59,L6eoufysYiw,https://youtube.com/watch?v=L6eoufysYiw,How to make face Mask Easy method // ‡§´‡•á‡§∏ ‡§Æ‡§æ‡§∏‡•ç‡§ï ‡§¨‡§®‡§æ‡§®‡§æ ‡§∏‡•Ä‡§ñ‡•á‡§Ç ‡§¨‡§°‡§º‡•Ä ‡§π‡•Ä ‡§Ü‡§∏‡§æ‡§®‡•Ä ‡§∏‡•á,8:28,8.466666666666667,1.3M,1 month ago
60,GmR2P4-b2Uc,https://youtube.com/watch?v=GmR2P4-b2Uc,"DIY Mask, Face Mask - 2 Styles - Fabric Face Mask Pattern",8:59,8.983333333333333,1.2M,4 weeks ago
61,nRdpEqwuF_0,https://youtube.com/watch?v=nRdpEqwuF_0,How to Sew a Bias Tape Surgical Face Mask with Flexible Nose | Sweet Red Poppy,3:17,3.283333333333333,1.2M,1 month ago
62,dnBqwowZi5w,https://youtube.com/watch?v=dnBqwowZi5w,Bandana Face Mask- with hair ties- No Sewing DIY,1:52,1.8666666666666667,1.1M,3 weeks ago
63,4kwFaRFHKhY,https://youtube.com/watch?v=4kwFaRFHKhY,How to make an easy face mask that's washable and reusable with spare fabric,10:08,10.133333333333333,1.1M,1 month ago
64,ZCITvWle-Bc,https://youtube.com/watch?v=ZCITvWle-Bc,Shaped Denim Face Mask,2:51,2.85,1.1M,4 weeks ago
65,GkcduBa9dLg,https://youtube.com/watch?v=GkcduBa9dLg,DIY *NO SEW* FACE MASKS! (free and easy!),3:14,3.2333333333333334,1.1M,3 weeks ago
66,yPyhtXabsLQ,https://youtube.com/watch?v=yPyhtXabsLQ,How To Make Mask At Home / How to make Face mask easily at home,3:04,3.066666666666667,1.1M,1 month ago
67,KQZPhj_erhg,https://youtube.com/watch?v=KQZPhj_erhg,No-Sew T-shirt Face Mask DIY,12:33,12.55,1.1M,3 weeks ago
68,5cAmdlgYI_E,https://youtube.com/watch?v=5cAmdlgYI_E,"Face Mask, NO Sewing Machine‚ùåFrom T-shirt| The Easiest DIYüòç",3:35,3.5833333333333335,1.1M,3 weeks ago
69,nE0EuDHMfZ4,https://youtube.com/watch?v=nE0EuDHMfZ4,No Sew DIY Face Mask Made of Handkerchief and Rubber Bands,1:51,1.85,1M,1 month ago
70,935MOLLyw00,https://youtube.com/watch?v=935MOLLyw00,How To Make Face Mask At Home By Tissue Paper || How To Make Own Face Mask |Tissue Paper Face Mask,2:55,2.9166666666666665,1M,1 month ago
71,ieI7HITRm3c,https://youtube.com/watch?v=ieI7HITRm3c,"Emergency face masks - 5 easy, quick, no sew ideas",4:27,4.45,1M,1 month ago
72,JR5yb4sFDTo,https://youtube.com/watch?v=JR5yb4sFDTo,PRINTABLE Pattern For Face Mask FREE! üòç Try this Reversible Face Mask DIY!,5:14,5.233333333333333,1M,3 weeks ago
73,KBR98YKAr7w,https://youtube.com/watch?v=KBR98YKAr7w,Official Face Mask Sewing Video Tutorial - With Pocket For Filter Media | Craft Passion,21:42,21.7,994K,4 weeks ago
74,WCx4lq1-Psg,https://youtube.com/watch?v=WCx4lq1-Psg,2 Easy Face Masks From Cloth Bag/ How to make Face mask easily at home/ How To Make Mask At Home,5:13,5.216666666666667,992K,1 month ago
75,p4USPU1Trz4,https://youtube.com/watch?v=p4USPU1Trz4,How to Make a Facemask with Fabric Ties and Filter Pocket,12:07,12.116666666666667,984K,4 weeks ago
76,2UejCpjfbn8,https://youtube.com/watch?v=2UejCpjfbn8,Simplified FACE MASK / No Elastic / Filter Pocket / Upcycled T-Shirt Ties,13:34,13.566666666666666,969K,4 weeks ago
77,fySsaOojEVM,https://youtube.com/watch?v=fySsaOojEVM,Make your own Face Mask!,33:06,33.1,953K,1 month ago
78,DqlmDf6_hsY,https://youtube.com/watch?v=DqlmDf6_hsY,Tutorial: How to Sew a Face Mask for Hospitals | Coronavirus COV19,20:03,20.05,929K,1 month ago
79,xdVO9emZhyQ,https://youtube.com/watch?v=xdVO9emZhyQ,How to Sew a Close-Fitted Fabric Face Mask | Sweet Red Poppy,3:04,3.066666666666667,920K,1 month ago
80,QcNL95YgxBM,https://youtube.com/watch?v=QcNL95YgxBM,10 minutes How to Make Fast & Easy Medical Face Mask from Fabric Washable Reusable + turban pattern.,6:41,6.683333333333334,904K,1 month ago
81,9yP_fnr4oVY,https://youtube.com/watch?v=9yP_fnr4oVY,3 DIY FACE MASKS ‚éÆ No Sewing Required!,4:24,4.4,902K,3 weeks ago
82,73fWF7NQ1kw,https://youtube.com/watch?v=73fWF7NQ1kw,DIY: Handmade Mask!!! How to Make Face Mask at Home using carry Bag/Cloth!!!,4:52,4.866666666666667,892K,1 month ago
83,1V3SLUHIJ5A,https://youtube.com/watch?v=1V3SLUHIJ5A,DIY REUSABLE FACE MASK with FILTER POCKET-4 Style Options-1 Easy SEW Pattern-Won't Fog Your Glasses!,32:28,32.46666666666667,890K,2 weeks ago
84,QGv6InnFFEo,https://youtube.com/watch?v=QGv6InnFFEo,20 EASY DIY FACE MASKS THAT WORK,13:08,13.133333333333333,881K,7 months ago
85,b6ADNMFRzIM,https://youtube.com/watch?v=b6ADNMFRzIM,1 Minute Easy DIY No Sew Face Mask Tutorial üò∑ Bandana And 2 Ponytail Holders,2:17,2.283333333333333,863K,1 month ago
86,sQYecgsWWfU,https://youtube.com/watch?v=sQYecgsWWfU,DIY Face Mask // No sewing machine // how to make a medical face mask with no sewing machine needed,10:02,10.033333333333333,847K,1 month ago
87,RfFA8BNd5w4,https://youtube.com/watch?v=RfFA8BNd5w4,üö≤Make Awesome Face Mask at Home üíô How to Make Useful Mask üå∏ Diy Face Mask !,4:05,4.083333333333333,836K,1 month ago
88,L-HZ2iGtiHY,https://youtube.com/watch?v=L-HZ2iGtiHY,DIY 3D FACE MASK/special mask/how to sew mask to prevent infection /handmade cloth mask,9:47,9.783333333333333,833K,1 month ago
89,X_-R8Ox3Spw,https://youtube.com/watch?v=X_-R8Ox3Spw,DIY Fabric Tie Face Mask with Jenny Doan of Missouri Star Quilt Company,8:58,8.966666666666667,824K,4 weeks ago
90,rD6bnzKTkcc,https://youtube.com/watch?v=rD6bnzKTkcc,DIY Face Mask with Filter Pocket  - Make on a Cricut or By Hand!,17:55,17.916666666666668,811K,1 month ago
91,LTmckSKt5gU,https://youtube.com/watch?v=LTmckSKt5gU,Making Face Mask from Basic Materials,3:17,3.283333333333333,809K,4 weeks ago
92,KIR1tLAz8RM,https://youtube.com/watch?v=KIR1tLAz8RM,How to Sew a Simple Face Mask Tutorial,14:02,14.033333333333333,808K,1 month ago
93,fEHU0U4TQXc,https://youtube.com/watch?v=fEHU0U4TQXc,10 Minute Face Mask,14:00,14,804K,1 month ago
94,YnmE9ziLqfk,https://youtube.com/watch?v=YnmE9ziLqfk,"DIY HOME MADE FACE MASK FROM SOCKS - NO SEWING MACHINE, WASHABLE, REUSABLE WITH POCKET FOR FILTER",10:40,10.666666666666666,801K,2 weeks ago
95,zkQq3Iex-qo,https://youtube.com/watch?v=zkQq3Iex-qo,DIY Bandana Face Mask,3:39,3.65,794K,3 weeks ago
96,3YXQ0Y1NxdY,https://youtube.com/watch?v=3YXQ0Y1NxdY,Fabric Face Mask for Healthcare Workers,24:39,24.65,792K,1 month ago
97,yOQgMt44PPQ,https://youtube.com/watch?v=yOQgMt44PPQ,How to make Face Mask with Filter Pocket | Face Mask Sewing Tutorial | DIY Face Mask Pattern,15:54,15.9,769K,1 week ago
98,cGnSSxiCkdw,https://youtube.com/watch?v=cGnSSxiCkdw,LUMANG BRA FACE MASK IDEA | WASHABLE & REUSABLE | QUICK & EASY FACE MASK,4:03,4.05,766K,1 month ago
99,Ikcjtz59j_8,https://youtube.com/watch?v=Ikcjtz59j_8,How to make no sew and no elastic mask - A quick and easy mask,2:37,2.6166666666666667,725K,2 weeks ago
100,iDMzFFz97t4,https://youtube.com/watch?v=iDMzFFz97t4,How to Make a Fabric Mask without a Sewing Machine,3:54,3.9,716K,3 weeks ago
101,zoPSXaLKCNE,https://youtube.com/watch?v=zoPSXaLKCNE,HOW TO MAKE FACE MASK AT HOME | DIY FACE MASK WITH FILTER POCKET AND WIRE| SEWING TUTORIAL,8:21,8.35,712K,1 month ago
102,6gcLp0y-Mfg,https://youtube.com/watch?v=6gcLp0y-Mfg,How to Sew a Surgical Face Mask for Hospitals ‚Äì Free Pattern,3:13,3.216666666666667,703K,1 month ago
103,xcHAa7ENmbA,https://youtube.com/watch?v=xcHAa7ENmbA,No Sew Face Mask With LulaRoe Leggings,2:28,2.466666666666667,703K,3 weeks ago
104,y3lcPRHo_nY,https://youtube.com/watch?v=y3lcPRHo_nY,"DIY Face Mask with Ties, Fitted Nose and Filter Pocket",10:11,10.183333333333334,697K,3 weeks ago
105,aHvghyn314U,https://youtube.com/watch?v=aHvghyn314U,DIY Best Fabric Face Mask Step-by-Step Tutorial for Beginners | Sweet Red Poppy,11:32,11.533333333333333,692K,1 month ago
106,3qwQpUVqJXY,https://youtube.com/watch?v=3qwQpUVqJXY,Como Hacer TAPABOCAS en Minutos /Face  Mask Ideas at Home /Useful Face Mask /How to Make Face Mask,13:44,13.733333333333333,688K,1 week ago
107,lgC1uwTxPQU,https://youtube.com/watch?v=lgC1uwTxPQU,Federal Government To Make New Recommendation On Wearing Face Masks | TODAY,19:07,19.116666666666667,686K,3 weeks ago
108,xbGCqFJp7r4,https://youtube.com/watch?v=xbGCqFJp7r4,DIY FACE MASK WITH FILTER POCKET & NOSE WIRE | HOW TO SEW A MEDICAL FACE MASK | DIY MASK,12:17,12.283333333333333,679K,3 weeks ago
109,sOJ_sm137fQ,https://youtube.com/watch?v=sOJ_sm137fQ,How to sew a simple Fabric Face Mask,7:17,7.283333333333333,676K,3 months ago
110,6T787NV6FpA,https://youtube.com/watch?v=6T787NV6FpA,How To Make A No Sew DIY N95 Type Protective Face Mask | Coronavirus | Covid-19,11:55,11.916666666666666,675K,1 month ago
111,epkPrgfF7-w,https://youtube.com/watch?v=epkPrgfF7-w,How to Make Mask at Home I face mask making with cloth - Ramulu Tailor,4:38,4.633333333333333,666K,1 month ago
112,xL8ctct0Dz4,https://youtube.com/watch?v=xL8ctct0Dz4,DIY FACE MASK - 2 STYLES // How To Make Easy Fabric FACE MASKS in 10 MINUTES!,10:21,10.35,661K,3 weeks ago
113,VNvRl5AXt8I,https://youtube.com/watch?v=VNvRl5AXt8I,How to make a Face Mask,7:10,7.166666666666667,655K,1 month ago
114,Qub1oRr2Gn4,https://youtube.com/watch?v=Qub1oRr2Gn4,How to make 3 EASY DIY Face Masks (No Sewing / machine) Reusable / Cheap - Nammzzi Tutorial,12:04,12.066666666666666,645K,4 weeks ago
115,5FCvj-7vlf0,https://youtube.com/watch?v=5FCvj-7vlf0,How to sew a NO GAP - DIY Medical Face mask step-by-step Tutorial with Free Printable Pattern,11:50,11.833333333333334,642K,3 weeks ago
116,Sq5XGrGq7QU,https://youtube.com/watch?v=Sq5XGrGq7QU,üò∑ How to sew face mask | How to make fabric mask (DIY) üò∑,13:15,13.25,642K,1 month ago
117,q2B7Twkh2SI,https://youtube.com/watch?v=q2B7Twkh2SI,DIY Mask : How To Make a Mask with a Replaceable Filter (Free Pattern) Ver.1 - Sewing Therapy,8:11,8.183333333333334,642K,1 month ago
118,dY3aS1L7S-4,https://youtube.com/watch?v=dY3aS1L7S-4,How to Sew a Face Mask with Fabric Ties // TUTORIAL!,8:13,8.216666666666667,630K,4 weeks ago
119,iPdrF85KXSE,https://youtube.com/watch?v=iPdrF85KXSE,DIY : Instant facemask from socks ! No sew : No rubber band : Only one socks mask :,3:31,3.5166666666666666,624K,2 weeks ago
120,bCCtGq6maw8,https://youtube.com/watch?v=bCCtGq6maw8,DIY Face Masks - 3 Versions - 3 Strap Options - Filter Pocket and Nose Frame,39:42,39.7,615K,1 month ago
121,BCmkCTFEUos,https://youtube.com/watch?v=BCmkCTFEUos,DIY Face Mask | How to make MEDICAL MASK out of WET WIPES | Tutorial by NProkuda,7:13,7.216666666666667,614K,1 month ago
122,9PRlhV8gbTA,https://youtube.com/watch?v=9PRlhV8gbTA,EASY DIY Face Mask with Filter Pocket | NO Sewing Machine,7:11,7.183333333333334,608K,2 weeks ago
123,Ibk6NsTPjfw,https://youtube.com/watch?v=Ibk6NsTPjfw,How to Make a No-Sew Face Mask with a Bandana | DIY No Sew Face Mask  Easy and Quick for Anyone,2:00,2,605K,2 weeks ago
124,BJmZFPY-4h8,https://youtube.com/watch?v=BJmZFPY-4h8,How to Sew the VERY BEST Fitted Fabric Face Mask with Filter Pocket and Nose Support [FREE PATTERNS],20:52,20.866666666666667,595K,4 days ago
125,fMA7a6xO3G0,https://youtube.com/watch?v=fMA7a6xO3G0,DIY Homemade Surgical Face Mask,3:15,3.25,588K,2 months ago
126,056EB22bmfw,https://youtube.com/watch?v=056EB22bmfw,‚òîMake Face Mask With Hair Rubber Bands üíô Stylish Face Mask üåπ How to Make Face Mask at Home !,2:40,2.6666666666666665,588K,1 week ago
127,JpNmJGClKKI,https://youtube.com/watch?v=JpNmJGClKKI,DIY: FACE MASKS For All Ages (Washable + Re-Usable!) -By Orly Shani,10:51,10.85,583K,1 month ago
128,8E0oxZxrfxU,https://youtube.com/watch?v=8E0oxZxrfxU,üö≤How to Make Face Mask at Home üíô Make Useful Mask Easy üå∏ Beautiful Mask Diy Ideas !,3:22,3.3666666666666667,577K,1 month ago
129,N8WSpnVSsRg,https://youtube.com/watch?v=N8WSpnVSsRg,How to Make N95 PM2.5 Face Mask,10:48,10.8,566K,1 month ago
130,rmUH0Om3pBM,https://youtube.com/watch?v=rmUH0Om3pBM,How to make  face mask |  Easy Pattern | ‡∏´‡∏ô‡πâ‡∏≤‡∏Å‡∏≤‡∏Å‡∏≠‡∏ô‡∏≤‡∏°‡∏±‡∏¢‡∏ó‡∏≥‡πÄ‡∏≠‡∏á ‡∏î‡πâ‡∏ß‡∏¢‡πÅ‡∏û‡∏ó‡πÄ‡∏ó‡∏¥‡∏£‡πå‡∏ô‡∏á‡πà‡∏≤‡∏¢‡πÜ,6:29,6.483333333333333,560K,5 days ago
131,zB68tnsXQ2w,https://youtube.com/watch?v=zB68tnsXQ2w,SEW DIY FABRIC FACE MASK,9:06,9.1,556K,1 month ago
132,POvs4vlQJOM,https://youtube.com/watch?v=POvs4vlQJOM,HOW TO SEW A MEDICAL FACE MASK WITH FILTER POCKET \\ DIY FACE MASK TUTORIAL FOR HOSPITALS,13:32,13.533333333333333,534K,3 weeks ago
133,fAbEKjf7Zvw,https://youtube.com/watch?v=fAbEKjf7Zvw,FACE MASK SEWING TUTORIAL | How to make a Cloth Face Mask | Easy 3D Face Mask,10:15,10.25,527K,1 week ago
134,jYMkW469NNc,https://youtube.com/watch?v=jYMkW469NNc,How to Make Face Mask With Filter Pocket ~ DIY Face Mask at Home in 2 minutes,2:32,2.533333333333333,527K,3 weeks ago
135,9uoPdENq68Y,https://youtube.com/watch?v=9uoPdENq68Y,How to make your own face mask without a sewing machine,1:33,1.55,524K,3 weeks ago
136,S2AdswfL9VM,https://youtube.com/watch?v=S2AdswfL9VM,How To Sew A Face Mask FAST & Easy- Darted Mask,12:32,12.533333333333333,510K,3 weeks ago
137,oMYII7ccTbM,https://youtube.com/watch?v=oMYII7ccTbM,DIY MASK Simple Easy,1:20,1.3333333333333333,506K,3 weeks ago
138,3HMz6-EngLc,https://youtube.com/watch?v=3HMz6-EngLc,How to make face mask with napkin | DIY,3:05,3.0833333333333335,503K,1 month ago
139,v93rcPkFkZc,https://youtube.com/watch?v=v93rcPkFkZc,Everything you need to know about face masks | COVID-19 Special,13:55,13.916666666666666,501K,2 weeks ago
140,8O88qNImD8M,https://youtube.com/watch?v=8O88qNImD8M,How To Make DIY Face Masks To Donate To Healthcare Workers | Good Housekeeping,13:54,13.9,499K,4 weeks ago
141,yx-RRrGtTmw,https://youtube.com/watch?v=yx-RRrGtTmw,How Surgical N95 Face Mask are made using Ultrasonic Welding By Sonitek,1:34,1.5666666666666667,496K,1 month ago
142,BQSipFa77Tc,https://youtube.com/watch?v=BQSipFa77Tc,Sz√°jmaszk k√©sz√≠t√©se h√°zilag egyszer≈±en ! How to make face mask | DIY | Stay at home,5:09,5.15,496K,1 month ago
143,e-vIyLMgUhg,https://youtube.com/watch?v=e-vIyLMgUhg,How to make a healthcare mask with special filter pocket,7:35,7.583333333333333,494K,1 month ago
144,yPn5LPryn8I,https://youtube.com/watch?v=yPn5LPryn8I,DIY NO SEW Face mask from T-shirt sleeve | 5 minutes | Maison Zizou,4:33,4.55,491K,1 week ago
145,Xueb4VHqXQU,https://youtube.com/watch?v=Xueb4VHqXQU,How to Sew a Face Mask,13:07,13.116666666666667,491K,4 weeks ago
146,SLI3DECJR_Q,https://youtube.com/watch?v=SLI3DECJR_Q,How to Make a No Sew DIY protective Face Mask | Disposable Face Mask | Coronavirus | Covid-19,2:44,2.7333333333333334,484K,1 month ago
147,S1evPjZxx64,https://youtube.com/watch?v=S1evPjZxx64,EASY Step by Step ü§ó How to Make Fabric Face Mask with Filter Pocket,6:28,6.466666666666667,484K,3 weeks ago
148,VcQ69_ANsRA,https://youtube.com/watch?v=VcQ69_ANsRA,Make your own face mask (from scratch),4:03,4.05,472K,1 month ago
149,XEHXyG57LUc,https://youtube.com/watch?v=XEHXyG57LUc,Face Mask with Filter Pocket | How to make Face Mask Cloth from Old T-Shirt | No Sewing Machine,3:18,3.3,449K,2 weeks ago
150,oPYp-kjiqtw,https://youtube.com/watch?v=oPYp-kjiqtw,How To Make A DIY No-Sew Face Mask | Good Housekeeping,5:35,5.583333333333333,448K,2 weeks ago
151,6DuMYt_RFhU,https://youtube.com/watch?v=6DuMYt_RFhU,How to make  face mask homemade stitching method,5:39,5.65,447K,1 month ago
152,REtQwwRoxuY,https://youtube.com/watch?v=REtQwwRoxuY,How to make your own face mask. No sewing required.,2:19,2.3166666666666664,425K,2 weeks ago
153,aI2jfhppzBk,https://youtube.com/watch?v=aI2jfhppzBk,"How to make an easy, no-sew face mask",1:42,1.7,424K,3 weeks ago
154,mz31_EcLMbI,https://youtube.com/watch?v=mz31_EcLMbI,3 DIY RE-USABLE FACE MASK TO PROTECT FROM SICK //3 Difficulty Levels// Cause You Asked Me To Do,11:43,11.716666666666667,419K,1 month ago
155,mai-UqdNRi8,https://youtube.com/watch?v=mai-UqdNRi8,Easy No-Sew Shop Towel Mask - Please please share! Also on Facebook.,11:37,11.616666666666667,410K,1 month ago
156,iIuQMZ1Iw5M,https://youtube.com/watch?v=iIuQMZ1Iw5M,HOW TO MAKE BEST FIT FACE MASK WITH FILTER POCKET | Easy Sew Tshirt Mask with Hair Ties,12:37,12.616666666666667,403K,1 day ago
157,w9-QaEwBPTM,https://youtube.com/watch?v=w9-QaEwBPTM,Fabric face mask DIY,26:04,26.066666666666666,402K,1 month ago
158,ZOtQ6DU3P60,https://youtube.com/watch?v=ZOtQ6DU3P60,"üö® NO SEW üö®, EASY, 2-Minute Face Mask w/FILTER made with LuLaRoe Leggings",4:32,4.533333333333333,401K,3 weeks ago
159,KrZS00fjgI0,https://youtube.com/watch?v=KrZS00fjgI0,How to make FACE MASK for Corona Virus prevention ‚Äì Quick and Easy,13:10,13.166666666666666,398K,2 months ago
160,U85xbxlstyg,https://youtube.com/watch?v=U85xbxlstyg,I made hospital-approved face masks | WITHWENDY,10:10,10.166666666666666,397K,2 weeks ago
161,Fv2zrkE5yQ4,https://youtube.com/watch?v=Fv2zrkE5yQ4,Child Size Face Mask Sewing Tutorial with Ties and Filter Pocket - Fast and Efficient!,20:27,20.45,379K,3 weeks ago
162,S0TUgpI9ppg,https://youtube.com/watch?v=S0TUgpI9ppg,"How to make a WASHABLE FACE MASK | Water repellant, snug fit, comfortable, shapeable nose wire.",22:13,22.216666666666665,362K,1 month ago
163,Mgp7DSGN33k,https://youtube.com/watch?v=Mgp7DSGN33k,How to Make a DIY No-Sew Face Mask,1:20,1.3333333333333333,360K,2 weeks ago
164,x64QdUl5mgE,https://youtube.com/watch?v=x64QdUl5mgE&t=67s,DIY Face Mask Filter with HEPA Fabric,11:26,11.433333333333334,359K,3 weeks ago
165,v9FSDSc76q4,https://youtube.com/watch?v=v9FSDSc76q4,DIY PPE: Quick and Easy Face Shield,3:20,3.3333333333333335,357K,3 weeks ago
166,IJ98lHPqZZo,https://youtube.com/watch?v=IJ98lHPqZZo,How To Make A Face Mask At Home! Easy DIY Masks **Tutorial W/ Piper Rockelle** üò∑üòÉ| Sophie Fergi,8:21,8.35,350K,2 weeks ago
167,IlTTiQnSq_4,https://youtube.com/watch?v=IlTTiQnSq_4,How to Make a Face Mask at Home Easy | DIY Face Mask No Sewing Machine,5:01,5.016666666666667,349K,1 day ago
168,3nkFkQXaUbQ,https://youtube.com/watch?v=3nkFkQXaUbQ,How to Make a Face Mask using the Joann Fabric's pattern guide,4:32,4.533333333333333,348K,1 month ago
169,p2Lwyw2tOng,https://youtube.com/watch?v=p2Lwyw2tOng,Face Mask Pattern - No Sewing Machine - Hand Stitch Style for Beginners,12:08,12.133333333333333,335K,2 weeks ago
170,Evvr7l1lb88,https://youtube.com/watch?v=Evvr7l1lb88,How to make face mask || NO Sewing machine! Diy face mask,10:31,10.516666666666667,332K,1 week ago
171,JTmtO-_1Seo,https://youtube.com/watch?v=JTmtO-_1Seo,How To Make Face Mask At Home by Handkerchief//How To make Face Mask/‡§∞‡•Ç‡§Æ‡§æ‡§≤ ‡§∏‡•á ‡§¨‡§®‡§æ‡§è ‡§´‡•á‡§∏ ‡§Æ‡§æ‡§∏‡•ç‡§ï ‡§ò‡§∞ ‡§™‡•á,2:21,2.35,327K,1 month ago
172,XHT5yUQer5w,https://youtube.com/watch?v=XHT5yUQer5w,How to Make a Fabric Face Mask Fast & Easy | With or Without Elastic | a Shabby Fabrics Tutorial,17:05,17.083333333333332,327K,3 weeks ago
173,0JGQv1hnuH0,https://youtube.com/watch?v=0JGQv1hnuH0,SUPER EASY Beginner Sewing Mask Tutorial - THE EASIEST 5-minute face mask,2:43,2.716666666666667,323K,3 weeks ago
174,F8vyTKi8UbQ,https://youtube.com/watch?v=F8vyTKi8UbQ,how to make face mask at home | corona virus mask | surgical face mask  | mask diy,6:18,6.3,322K,1 month ago
175,h2t-gpDSkGM,https://youtube.com/watch?v=h2t-gpDSkGM,How to Sew a Face Mask with Pocket,7:48,7.8,317K,2 months ago
176,5IiT9cSD-Ec,https://youtube.com/watch?v=5IiT9cSD-Ec,'Secret Ingredient' Might Make Your DIY Face Mask More Effective,2:34,2.5666666666666664,316K,2 weeks ago
177,4N3dZ6z7O3o,https://youtube.com/watch?v=4N3dZ6z7O3o,‡§∞‡•Å‡§Æ‡§æ‡§≤ ‡§ï‡§æ ‡§∏‡§∞‡•ç‡§ú‡§ø‡§ï‡§≤ face mask ‡§´‡•ã‡§≤‡•ç‡§° handkerchief how to make face masks,2:20,2.3333333333333335,311K,1 month ago
178,ghimM0GGulQ,https://youtube.com/watch?v=ghimM0GGulQ,How to make perfect size face mask | DIY,4:15,4.25,300K,1 week ago
179,QWLFdSw_6LA,https://youtube.com/watch?v=QWLFdSw_6LA,Face Mask COVER to Extend Your Surgical Mask Life ü§ó,7:03,7.05,299K,2 weeks ago
180,mBiPshp6cOE,https://youtube.com/watch?v=mBiPshp6cOE,üíôMaking Your Own Face Mask at Home ‚òî How to Make Face Mask üçÄ Economical Face Mask Diy !,3:32,3.533333333333333,298K,1 month ago
181,uXfVq-pFgnQ,https://youtube.com/watch?v=uXfVq-pFgnQ,üò∑ How to Make Face Mask at Home ~ Useful Face Mask Diy ~ Face Mask Ideas,8:50,8.833333333333334,296K,3 weeks ago
182,tROlhbVeuI4,https://youtube.com/watch?v=tROlhbVeuI4,How to make mask at home With easy method | homemade face mask | face Mask cutting and Stitching,6:56,6.933333333333334,294K,1 month ago
183,iJWhZJZoAe4,https://youtube.com/watch?v=iJWhZJZoAe4,How To Make A Coronavirus Face Mask At Home | TODAY,3:33,3.55,293K,2 weeks ago
184,239Ru4uFBeo,https://youtube.com/watch?v=239Ru4uFBeo,DIY Face Mask for #COVID-19,5:24,5.4,290K,2 months ago
185,FiYOs2PagvE,https://youtube.com/watch?v=FiYOs2PagvE,DIY Face Mask with Handkerchief and Rubber bands /Face mask for Coronavirus,2:32,2.533333333333333,289K,1 month ago
186,KI9KPcRHaxo,https://youtube.com/watch?v=KI9KPcRHaxo,Face Mask with Filter Pocket | How to make Cloth Face Mask | Face Mask No Sewing Machine,17:16,17.266666666666666,285K,1 week ago
187,7TasM4uRj74,https://youtube.com/watch?v=7TasM4uRj74,Make a bandana face mask in under 1 minute with just two materials l GMA Digital,0:43,0.7166666666666667,285K,1 week ago
188,hNs_OAkidds,https://youtube.com/watch?v=hNs_OAkidds,DIY FACE MASK | No Sew | Paper Wipe Mask | Handkerchief Mask | How To Make | SUPER EASY | Tutorial,8:12,8.2,283K,1 month ago
189,CvDZzmwFLGg,https://youtube.com/watch?v=CvDZzmwFLGg,How to make face mask with the bra | DIY,2:10,2.1666666666666665,281K,1 month ago
190,9YLXEhSjVsw,https://youtube.com/watch?v=9YLXEhSjVsw,Surgeon General shows how to make face masks,0:46,0.7666666666666667,279K,3 weeks ago
191,1zasVducHVU,https://youtube.com/watch?v=1zasVducHVU,"DIY No Sew Bandana Face Masks - 3 Ways, Quick & Easy",6:20,6.333333333333333,278K,3 weeks ago
192,PI1GxNjAjlw,https://youtube.com/watch?v=PI1GxNjAjlw,Surgeon General Shows How to Make Your Own Face Covering,0:46,0.7666666666666667,272K,3 weeks ago
193,sNjDXuTt-ss,https://youtube.com/watch?v=sNjDXuTt-ss,Face Mask Ear Saver | Adapter for No-Sew Face Mask Bandana | How to Make Face Mask Adapter,5:43,5.716666666666667,267K,1 week ago
194,dFzYYUWEuyg,https://youtube.com/watch?v=dFzYYUWEuyg,"EASY DIY Crochet Face Mask with Filter, by Bonnie Barker",40:52,40.86666666666667,267K,1 month ago
195,zPVNabrABTQ,https://youtube.com/watch?v=zPVNabrABTQ,How to make face mask with dishtowel (quick & easy),2:00,2,264K,4 weeks ago
196,PhDFaulAgoA,https://youtube.com/watch?v=PhDFaulAgoA,DIY Face Mask | How to Make your own Mask | Surgical Mask | Quick Fast DIY Mask,6:09,6.15,259K,1 month ago
197,tNF8gK2ZLnU,https://youtube.com/watch?v=tNF8gK2ZLnU,DIY Cloth Face Masks (no sewing or cutting!),3:19,3.3166666666666664,257K,2 weeks ago
198,x_HgS61y9BY,https://youtube.com/watch?v=x_HgS61y9BY,Easy DIY No Sew T-Shirt Face Mask,9:47,9.783333333333333,257K,2 weeks ago
199,Fot_2JY99ME,https://youtube.com/watch?v=Fot_2JY99ME,How To Make a FACE MASK With A Filter Pocket | DIY Sewing Tutorial #FaceMask,13:22,13.366666666666667,255K,4 weeks ago
200,Vd-5ja5JGbQ,https://youtube.com/watch?v=Vd-5ja5JGbQ,How to make face mask | DIY,3:05,3.0833333333333335,255K,1 month ago
201,8K6ufO2JP-c,https://youtube.com/watch?v=8K6ufO2JP-c,EASY STEPS DIY Face Mask| No Sewing Machine,10:06,10.1,250K,1 month ago
202,k5rP11LFH68,https://youtube.com/watch?v=k5rP11LFH68,üö≤DIY Face Mask at Home üíô How to Make Face Mask ‚òî Awesome Face Mask Design !,3:39,3.65,248K,3 weeks ago
203,qTfPZtqpBWQ,https://youtube.com/watch?v=qTfPZtqpBWQ,How to make 2 Easy Face Masks / Face mask making From Cloth Bag/ How To Make Mask At Home,5:40,5.666666666666667,247K,1 month ago
204,SoAy8SUcr7o,https://youtube.com/watch?v=SoAy8SUcr7o,DIY: Handmade Mask!!! How to Make Face Mask at Home using carry Bag/Cloth!!!,4:28,4.466666666666667,247K,1 month ago
205,XoyH2rlpxq8,https://youtube.com/watch?v=XoyH2rlpxq8,How to make DIY face masks at home | ABC7,4:58,4.966666666666667,236K,3 weeks ago
206,RRofKRr5_JM,https://youtube.com/watch?v=RRofKRr5_JM,DIY Face Mask,4:06,4.1,235K,1 month ago
207,dmlKaEv3hr8,https://youtube.com/watch?v=dmlKaEv3hr8,üö≤Make Face Mask with Rubber Bands üíô How to Make Face Mask ‚òî Creative Face Mask Idea at Home !,2:44,2.7333333333333334,231K,2 weeks ago
208,7F3HnpU6F5Q,https://youtube.com/watch?v=7F3HnpU6F5Q,How to make face mask at home |  Diy Easy and quick ( in hindi),3:10,3.1666666666666665,231K,1 month ago
209,7c-Kmeb_16o,https://youtube.com/watch?v=7c-Kmeb_16o,How to Make Your Own Face Mask (only 2 materials needed!),0:33,0.55,228K,1 month ago
210,Sv2SVCIYnKo,https://youtube.com/watch?v=Sv2SVCIYnKo,How to make FACE MASK | DIY Sew Mask | Kako napraviti Masku za Lice,3:45,3.75,225K,1 month ago
211,UvMEJfwVlUs,https://youtube.com/watch?v=UvMEJfwVlUs,Making a face mask at home | DIY Face Mask No Sewing Machine | Easy Mask With Filter Pocket,6:30,6.5,225K,1 day ago
212,lIdDMUcY_aQ,https://youtube.com/watch?v=lIdDMUcY_aQ,EASY: How to Sew a Face Mask 2 Different Styles! New CDC Recommendation - Everyone NEEDS a Mask!,20:30,20.5,222K,3 weeks ago
213,M3Dm1NKoqfA,https://youtube.com/watch?v=M3Dm1NKoqfA,Making A Face Mask,32:16,32.266666666666666,214K,Streamed 1 month ago
214,89o5040HGhQ,https://youtube.com/watch?v=89o5040HGhQ,"How to Make the Best Face Mask, No Sewing (Don't use Cotton or Vac Bags!)",21:15,21.25,210K,1 week ago
215,umsULo5-2bM,https://youtube.com/watch?v=umsULo5-2bM,MASK TUTORIAL: Adam Joseph shows you how to make a mask out of a sock,2:26,2.4333333333333336,205K,2 weeks ago
216,BS8R2lZMYfI,https://youtube.com/watch?v=BS8R2lZMYfI,How to make face mask with cotton fabric //   ‡§ï‡•â‡§ü‡§® ‡§ï‡§™‡§°‡•á ‡§∏‡•á ‡§´‡•à‡§∏ ‡§Æ‡§æ‡§∏‡•ç‡§ï ‡§¨‡§®‡§æ‡§®‡§æ ‡§∏‡•Ä‡§ñ‡•á‡§Ç,8:10,8.166666666666666,203K,2 weeks ago
217,SrJCklRgL7s,https://youtube.com/watch?v=SrJCklRgL7s,Some China-made coronavirus test kits and face masks rejected as ‚Äòunreliable‚Äô in European countries,3:32,3.533333333333333,200K,3 weeks ago
218,smjeqviDCBY,https://youtube.com/watch?v=smjeqviDCBY,How to make a DIY cloth face mask,4:07,4.116666666666666,199K,3 weeks ago
219,__1wgWbvbgY,https://youtube.com/watch?v=__1wgWbvbgY,How to Sew a DIY Cloth Face Mask,7:00,7,195K,2 weeks ago
220,yCmt88ppFoc,https://youtube.com/watch?v=yCmt88ppFoc,DIY - How to Make: 7 EASY Sewing Crafts | Face Mask | Cami | Bean Bag & More #StayHome #WithMe,15:47,15.783333333333333,192K,1 week ago
221,4oPeBvVzZEU,https://youtube.com/watch?v=4oPeBvVzZEU,‚òîMake Face Mask with Hair Rubber Bands üíú Make Face Mask at Home üçé Face Mask Using Rubber Bands  !,2:51,2.85,192K,1 week ago
222,GtuNTKw0dpM,https://youtube.com/watch?v=GtuNTKw0dpM,HOW TO MAKE A FACE MASK WITH FILTER POCKET | DIY Face Mask Out of Shirt | No Sewing Machine,12:28,12.466666666666667,192K,3 days ago
223,BXxWyJ2r1co,https://youtube.com/watch?v=BXxWyJ2r1co,How to Make a Fabric Mask for Your Child,4:42,4.7,188K,2 weeks ago
224,0oxEw-XYLZ8,https://youtube.com/watch?v=0oxEw-XYLZ8,CHILD'S FACE MASK WITH FILTER POCKET & NOSE WIRE | DIY CHILD'S FACE MASK | DIY CHILDREN'S FACE MASK,11:17,11.283333333333333,186K,3 weeks ago
225,2_9wQmn3TMc,https://youtube.com/watch?v=2_9wQmn3TMc,DIY Easy Face Mask From Cloth | How to make reusable Face mask easily at home Easy in tamil method-1,10:44,10.733333333333333,185K,1 month ago
226,_SsxMcgwgG4,https://youtube.com/watch?v=_SsxMcgwgG4,DIY - How to make a Face Mask,19:43,19.716666666666665,183K,1 month ago
227,PcxhH0Lkp6Q,https://youtube.com/watch?v=PcxhH0Lkp6Q,How To Make A DIY Face Mask with Filter Pocket & Bendable Nose,13:35,13.583333333333334,178K,2 weeks ago
228,gVmilweCgFU,https://youtube.com/watch?v=gVmilweCgFU,EASY TO MAKE DIY FACE MASK | Simple No Sew Face Mask Making at Home,3:09,3.15,178K,3 weeks ago
229,ne3-HyGHTDw,https://youtube.com/watch?v=ne3-HyGHTDw,üá∫üá∏ U.S. Surgeon General shows us how to make a face mask by using an old t-shirt and 2 rubber bands,0:46,0.7666666666666667,177K,3 weeks ago
230,vqx8Z0LQb8s,https://youtube.com/watch?v=vqx8Z0LQb8s,How To Make Face Mask at home | Handmade Mask | DIY Face Mask,3:44,3.7333333333333334,177K,1 month ago
231,nV5B36iBVAw,https://youtube.com/watch?v=nV5B36iBVAw,How to make a face mask with a glue gun | Diy mask tutorial | Homemade mask | without sewing,6:28,6.466666666666667,176K,1 month ago
232,2Mc3i0WLO10,https://youtube.com/watch?v=2Mc3i0WLO10,DIY Face Mask | How to make MEDICAL MASK out of PAPER TOWEL | Tutorial by NProkuda,10:47,10.783333333333333,171K,1 month ago
233,46L1L8oRpzA,https://youtube.com/watch?v=46L1L8oRpzA,Fitted FABRIC FACE MASK,11:45,11.75,170K,1 month ago
234,VWPnLknbFkM,https://youtube.com/watch?v=VWPnLknbFkM,‚≠êHow To Make a DIY FACE MASK w/ Filter Pocket Tutorial (Cricut),14:22,14.366666666666667,170K,2 weeks ago
235,gp_FSt8Vd-E,https://youtube.com/watch?v=gp_FSt8Vd-E,Annoying Orange - How2 Make a Facemask,2:14,2.2333333333333334,163K,4 days ago
236,JY-29VBkGmw,https://youtube.com/watch?v=JY-29VBkGmw,„ÄêDIY Face Mask ‚Äì 8 Steps in Making Protective Gear„Äë,5:17,5.283333333333333,163K,1 month ago
237,NarWmxfow_E,https://youtube.com/watch?v=NarWmxfow_E,How to make face mask at home no sewing machine | Make face mask from an old T-shirt,10:03,10.05,160K,3 weeks ago
238,rz68dGEpqUw,https://youtube.com/watch?v=rz68dGEpqUw,DIY Face Mask No Sew Method Video Tutorial! EASY with Hair Ties BANDANA STYLE,3:16,3.2666666666666666,156K,2 weeks ago
239,zWDnroseE1s,https://youtube.com/watch?v=zWDnroseE1s,The easiest way to make face mask | DIY,2:50,2.8333333333333335,153K,3 weeks ago
240,t2l1KOjR9x0,https://youtube.com/watch?v=t2l1KOjR9x0,DIY - How To Make A Face Mask In 15 Minutes,12:32,12.533333333333333,153K,3 weeks ago
241,OtRR0_IEZsU,https://youtube.com/watch?v=OtRR0_IEZsU,15 Minute Face Mask With Ties,11:36,11.6,153K,3 weeks ago
242,-u70sgWb6hQ,https://youtube.com/watch?v=-u70sgWb6hQ,HOW TO MAKE  FACE MASK WITH FILTER POCKET/ FACE MASK SEWING TUTORIAL/ HOW TO SEW FACE MASK WITH TIES,8:43,8.716666666666667,153K,3 weeks ago
243,H0qvr6hde4s,https://youtube.com/watch?v=H0qvr6hde4s,DIY Face Mask with Pocket | No Sewing Machine,20:28,20.466666666666665,150K,1 month ago
244,PvKgjfrs2M4,https://youtube.com/watch?v=PvKgjfrs2M4,DIY Face Mask | How to make MEDICAL MASK out of SANITARY PADS | Tutorial by NProkuda,6:17,6.283333333333333,141K,1 month ago
245,BPcp21pOUTo,https://youtube.com/watch?v=BPcp21pOUTo,DIY : Reusable Face Mask with Filter | Cheap & Easy to Make | Free Pattern,13:00,13,139K,1 month ago
246,KplpmJKqAAY,https://youtube.com/watch?v=KplpmJKqAAY,HOW TO MAKE YOUR MAKEUP LAST UNDER A FACE MASK!,19:56,19.933333333333334,139K,1 week ago
247,gUcC9_yJvHM,https://youtube.com/watch?v=gUcC9_yJvHM,How to make a no-sew mask with an old t-shirt and shoelaces,2:51,2.85,138K,3 weeks ago
248,dS59T_KofCw,https://youtube.com/watch?v=dS59T_KofCw,Face masks made from air conditioners‚Äô filters,1:48,1.8,137K,1 month ago
249,H_-YJ-Bsi6o,https://youtube.com/watch?v=H_-YJ-Bsi6o,Making Masks | why & how i'm making them,9:01,9.016666666666667,136K,1 month ago
250,axrg8l0FwMw,https://youtube.com/watch?v=axrg8l0FwMw,HOW TO MAKE A DIY FACE MASK | 3 Easy Designs,6:55,6.916666666666667,134K,1 week ago
251,4ebIo5pYC2Q,https://youtube.com/watch?v=4ebIo5pYC2Q,Wearing Mask Everyday? Try this Headband Face Mask! ü•∞,4:02,4.033333333333333,132K,4 weeks ago
252,LReYvXqO5-Q,https://youtube.com/watch?v=LReYvXqO5-Q,How to Sew a No Pleat Cloth Face Mask,7:02,7.033333333333333,130K,2 weeks ago
253,86NAGzuToSU,https://youtube.com/watch?v=86NAGzuToSU,DIY Face Mask out of leggings |  5 Minutes | lularoe face mask,5:43,5.716666666666667,130K,3 weeks ago
254,0B67BdDe2yk,https://youtube.com/watch?v=0B67BdDe2yk,Turn your handkerchief in to a face mask\Face mask with kerchief\DIY mask,1:41,1.6833333333333333,128K,1 month ago
255,iFB5Ult09AY,https://youtube.com/watch?v=iFB5Ult09AY,How to make face mask that perfectly fits your face | DIY,3:49,3.8166666666666664,124K,4 days ago
256,I0teRnAcgAo,https://youtube.com/watch?v=I0teRnAcgAo,SIMPLE DIY Mask With Filter And Wire üò∑ How to Make Face Mask Cloth with Wire,5:45,5.75,124K,2 weeks ago
257,Zj0NFR4NV_c,https://youtube.com/watch?v=Zj0NFR4NV_c,HOW TO SEW YOUR OWN SURGICAL FACE MASK WITH FILTER POCKET,22:56,22.933333333333334,123K,1 month ago
258,2hRDkZhEBFU,https://youtube.com/watch?v=2hRDkZhEBFU,HOW TO MAKE A FACE MASK OUT OF A SOCK | DIY,4:49,4.816666666666666,122K,2 weeks ago
259,0dAQk-bQpvg,https://youtube.com/watch?v=0dAQk-bQpvg,Tutorial: How To Make a Surgical Face Mask FAST with a Serger!,14:41,14.683333333333334,122K,1 month ago
260,CPA-NnyIreU,https://youtube.com/watch?v=CPA-NnyIreU,Face mask from a t-shirt tutorial: How to protect from coronavirus | USA TODAY,1:11,1.1833333333333333,120K,2 weeks ago
261,M8_0vFwGwXc,https://youtube.com/watch?v=M8_0vFwGwXc,üò∑No Sew Face Mask Easy | Using a bandana and two rubber bands - DIY,1:39,1.65,115K,2 weeks ago
262,3mE-27211Pc,https://youtube.com/watch?v=3mE-27211Pc,Fabric Face Mask to protect N95 (How to make a face mask with filter pocket & metal strip to fit),18:55,18.916666666666668,114K,1 month ago
263,HuGbEa2ex74,https://youtube.com/watch?v=HuGbEa2ex74,How to Make DIY Face Mask out of a Bra | Tutorial,1:42,1.7,112K,3 weeks ago
264,M2LxS4bKmA8,https://youtube.com/watch?v=M2LxS4bKmA8,How to make face mask with Socks in 30 Seconds,2:05,2.0833333333333335,111K,2 weeks ago
265,vyDtrobkaxg,https://youtube.com/watch?v=vyDtrobkaxg,Fighting Coronavirus (COVID-19) Together: How to Make a Facemask,4:45,4.75,110K,1 month ago
266,VYiY8ePUveg,https://youtube.com/watch?v=VYiY8ePUveg,How to make face masks (no sewing required),2:06,2.1,108K,3 weeks ago
267,0T4x4irl7Gk,https://youtube.com/watch?v=0T4x4irl7Gk,How to make face mask with leggings | DIY,2:12,2.2,108K,4 weeks ago
268,_qPJ6BlmjUo,https://youtube.com/watch?v=_qPJ6BlmjUo,How to make 'no sew' face mask with old T-shirt | DIY,2:13,2.216666666666667,108K,3 weeks ago
269,6cDvpbHVfcw,https://youtube.com/watch?v=6cDvpbHVfcw,How to make Face mask / Á´ã‰ΩìËá™Âà∂Âè£ÁΩ© „ÄêÂÖ®Ë≤ºÂêà„ÄëÂèØÊèõÊøæÊ£â „Éû„Çπ„ÇØ„ÅØ„Å©„ÅÜ„ÇÑ„Å£„Å¶‰Ωú ÎßàÏä§ÌÅ¨ ÎßåÎì§Í∏∞ #HandyMum,7:44,7.733333333333333,106K,2 months ago
270,vP3VzMQQJrc,https://youtube.com/watch?v=vP3VzMQQJrc,Making a face mask without a sewing machine,1:22,1.3666666666666667,105K,3 weeks ago
271,8cU0RbNUTwI,https://youtube.com/watch?v=8cU0RbNUTwI,DIY How to make a fabric face mask | Child mask | Easy mask for kids #fabricmask #mask,4:31,4.516666666666667,102K,1 month ago
272,TGo5k6Ajcgo,https://youtube.com/watch?v=TGo5k6Ajcgo,How to Make a Mask with a Scarf for Coronavirus | DIY No Sew Mask,3:55,3.9166666666666665,102K,2 weeks ago
273,eeiunCMctQg,https://youtube.com/watch?v=eeiunCMctQg,Make a Face Mask At Home | #WithMe,0:16,0.26666666666666666,101K,3 days ago
274,cf5SWwpNHds,https://youtube.com/watch?v=cf5SWwpNHds,How To Make Face Mask At Home By Tissue Paper || How To Make Own Face Mask |Tissue Paper Face Mask,7:08,7.133333333333334,97K,1 month ago
275,_4KWbr7lovk,https://youtube.com/watch?v=_4KWbr7lovk,How to make a face mask at home for coronavirus,4:56,4.933333333333334,96K,1 month ago
276,SZSWECx4PDQ,https://youtube.com/watch?v=SZSWECx4PDQ,3 ways how to make face mask with napkin | DIY,8:04,8.066666666666666,94K,1 month ago
277,0kww4LZ2qek,https://youtube.com/watch?v=0kww4LZ2qek,"DIY FACE MASK | Made with coffee filter, handkerchief and rubber bands. (no sewing)",3:44,3.7333333333333334,90K,3 weeks ago
278,gNkrAYKuUso,https://youtube.com/watch?v=gNkrAYKuUso,DIY No-Sew Face Mask with a Bandana and Hair Ties or Rubberbands,5:49,5.816666666666666,90K,2 weeks ago
279,jxnkkBKXsZA,https://youtube.com/watch?v=jxnkkBKXsZA,DIY homemade FACE MASK with kitchen roll paper at Home | ORIGAMI FACIL,2:44,2.7333333333333334,88K,1 month ago
280,pxv7APBmVEU,https://youtube.com/watch?v=pxv7APBmVEU,How to make a face mask using a reusable grocery bag and pipe cleaners,3:34,3.5666666666666664,87K,3 weeks ago
281,yZh2XTgQQQ8,https://youtube.com/watch?v=yZh2XTgQQQ8,How to make a face mask (with nose wire & filter) | Coronavirus,19:12,19.2,86K,1 month ago
282,WH4xFQQexMU,https://youtube.com/watch?v=WH4xFQQexMU,DIY FACE MASK 2 STYLES |  Make Easy Fabric FACE MASKS in LESS THAN 10 MINUTES! REUSABLE FACE MASK,11:53,11.883333333333333,85K,2 weeks ago
283,buR_MDYBl-U,https://youtube.com/watch?v=buR_MDYBl-U,No Elastic Face Mask,24:29,24.483333333333334,85K,Streamed 3 weeks ago
284,Gk76YVhJEMs,https://youtube.com/watch?v=Gk76YVhJEMs,How to make face mask with fabric ( two layer) | DIY,3:15,3.25,85K,3 weeks ago
285,yucD2lymIes,https://youtube.com/watch?v=yucD2lymIes,How to make No-Sew Face Mask in 1 minute with rubber bands or hair ties,1:28,1.4666666666666668,84K,3 weeks ago
286,STC3UOEBdoA,https://youtube.com/watch?v=STC3UOEBdoA,How to make face mask from rumal //Handkerchief face mask just in 1 minute / protection from corona,6:04,6.066666666666666,83K,4 weeks ago
287,k-gKo43s6nw,https://youtube.com/watch?v=k-gKo43s6nw,"How to make filter face mask,  N95 mask shortage, free pattern, DIY sew tutorial making, Filti mask",18:17,18.283333333333335,82K,3 weeks ago
288,-AsGTLs6YkQ,https://youtube.com/watch?v=-AsGTLs6YkQ,How to Sew a Face Mask From a T-Shirt - Beginner Friendly - Hand Sew - Pattern - #masksNOW,15:50,15.833333333333334,81K,2 weeks ago
289,vIT0wprRaqI,https://youtube.com/watch?v=vIT0wprRaqI,DIY Emergency Face Mask | How To Make Face Mask | Mask From Tissue paper,3:49,3.8166666666666664,81K,1 month ago
290,iSNQTSIQnLo,https://youtube.com/watch?v=iSNQTSIQnLo,How to make face masks to support healthcare workers,5:25,5.416666666666667,80K,1 month ago
291,9ty84ckaNlQ,https://youtube.com/watch?v=9ty84ckaNlQ,How To Make Face Mask-Bandana Adapters ( please share),19:15,19.25,78K,1 week ago
292,CmNIOf5ixQ0,https://youtube.com/watch?v=CmNIOf5ixQ0,"DIY facemask with ear ties, filter pocket, and nose wire tutorial.  Pattern in description",23:43,23.716666666666665,78K,1 month ago
293,Xq3hk1PgK4c,https://youtube.com/watch?v=Xq3hk1PgK4c,Face Mask Sewing Tutorial How to make Face Mask with Filter Pocket | DIY Cloth Face Mask,4:41,4.683333333333334,76K,1 week ago
294,CI_x254c7VQ,https://youtube.com/watch?v=CI_x254c7VQ,HOW TO SEW A FACE MASK WITH FILTER POCKET | Cloth Face Mask Sewing Tutorial,8:45,8.75,76K,1 week ago
295,AY14bMuLV5M,https://youtube.com/watch?v=AY14bMuLV5M,Face mask sewing|How to Make Face Mask with Filter pocket. ‡∏´‡∏ô‡πâ‡∏≤‡∏Å‡∏≤‡∏Å‡∏≠‡∏ô‡∏≤‡∏°‡∏±‡∏¢ ‡∏°‡∏µ‡∏ó‡∏µ‡πà‡πÉ‡∏™‡πà‡πÅ‡∏ú‡πà‡∏ô‡∏Å‡∏£‡∏≠‡∏á ‡πÅ‡∏ö‡∏ö‡∏á‡πà‡∏≤‡∏¢‡πÜ,6:49,6.816666666666666,76K,1 week ago
296,YVHP5SEmuKQ,https://youtube.com/watch?v=YVHP5SEmuKQ,How To Make A Face Mask That Best Fits Your Face,4:01,4.016666666666667,74K,1 day ago
297,SUScBB1BSps,https://youtube.com/watch?v=SUScBB1BSps,DIY FACE MASK *no sewing required*,4:43,4.716666666666667,73K,3 weeks ago
298,ClBuv--R4uY,https://youtube.com/watch?v=ClBuv--R4uY,How to Make Face Mask at Home ~ DIY Face Mask,2:49,2.8166666666666664,72K,1 week ago
299,obwFO2rTEnU,https://youtube.com/watch?v=obwFO2rTEnU,Will wearing face masks protect against coronavirus? Dr. Oz weighs in  | FOX 5 DC,4:22,4.366666666666666,72K,3 weeks ago
300,QiGdggvBgzg,https://youtube.com/watch?v=QiGdggvBgzg,How To Make a DIY Reversible Face Mask SOOOO EASY Reusable & Washable | increesemypiece,7:14,7.233333333333333,71K,2 weeks ago
301,gINNCYw1agc,https://youtube.com/watch?v=gINNCYw1agc,How To Make Your Own Facemask Using Everyday Items | This Morning,7:08,7.133333333333334,71K,4 days ago
302,kpTApHRL080,https://youtube.com/watch?v=kpTApHRL080,How to make no-sew face masks out of a t-shirt,2:49,2.8166666666666664,70K,1 week ago
303,t77ecfKFylM,https://youtube.com/watch?v=t77ecfKFylM,4 TAPABOCAS SIN M√ÅQUINA - 4 MAKE FABRIC FACE MASK AT HOME - DIY FACE MASK NO SEWING MACHINE,10:20,10.333333333333334,69K,1 day ago
304,t-HOSXIZUcw,https://youtube.com/watch?v=t-HOSXIZUcw,HOW TO MAKE  FACE SHIELD MASK | DIY  FACE SHIELD MASK | FACE SHIELD SEWING PATTERN,7:35,7.583333333333333,67K,2 weeks ago
305,3IVdZgi0iV4,https://youtube.com/watch?v=3IVdZgi0iV4,How to make diy face mask using bra | No Sewing | Easy Diy | Life hacks,3:23,3.3833333333333333,67K,2 months ago
306,kA99Y3oDLpc,https://youtube.com/watch?v=kA99Y3oDLpc,HOW TO SEW A FACE MASK WITH SLOT FOR FILTER | Fabric Face Mask Sewing Tutorial | No Sewing Machine,8:10,8.166666666666666,65K,1 week ago
307,Byf4BMxa42c,https://youtube.com/watch?v=Byf4BMxa42c,How to Make the Cricut Design Space Face Mask with Pocket for Filter,15:19,15.316666666666666,65K,1 month ago
308,N6b0aJhR9SU,https://youtube.com/watch?v=N6b0aJhR9SU,DIY FACE MASK | How to make a Medical FACE MASK | Face mask diy,10:41,10.683333333333334,63K,1 month ago
309,9ydKB5x7d_A,https://youtube.com/watch?v=9ydKB5x7d_A,How to make a Facemask Without Elastic band // DIY Medical FACEMASK with Filter Pocket // Nose wire,11:01,11.016666666666667,60K,2 weeks ago
310,d-qsxnApw_Q,https://youtube.com/watch?v=d-qsxnApw_Q,How to Make Face Mask/Dust Mask at Home || DIY FACE MASK,8:41,8.683333333333334,60K,2 months ago
311,29wnIpPmpAQ,https://youtube.com/watch?v=29wnIpPmpAQ,How To Make CDC Recommended Face Masks | No Sew Reusable | Coronavirus | Million Mask Challenge,12:55,12.916666666666666,59K,2 weeks ago
312,0WjTRiE_y7E,https://youtube.com/watch?v=0WjTRiE_y7E,DIY Face Masks ANYONE can make! NO SEWING!,8:36,8.6,57K,4 weeks ago
313,Pv9wNMHU2Ss,https://youtube.com/watch?v=Pv9wNMHU2Ss,Coronavirus makes face masks the next accessory at London Fashion Week.,1:08,1.1333333333333333,57K,2 months ago
314,JnVbWDq0m3M,https://youtube.com/watch?v=JnVbWDq0m3M,Face Mask Sewing Tutorial | How to make Face Mask with Filter Pocket | Face Mask Pattern,12:18,12.3,55K,3 days ago
315,aCH_dSotgWk,https://youtube.com/watch?v=aCH_dSotgWk,How to make THE OLSON FACE MASK with FILTER POCKET Tutorial hospital approved FREE PATTERN,8:11,8.183333333333334,55K,1 week ago
316,ZOKYEJjen30,https://youtube.com/watch?v=ZOKYEJjen30,Easiest DIY Face Mask Crown Royal Bag,7:05,7.083333333333333,54K,3 weeks ago
317,f1Jz0d50D74,https://youtube.com/watch?v=f1Jz0d50D74,How to make DIY TIE face mask. Bias tape is TWO 42 inch pieces CraftyLori,7:33,7.55,52K,1 month ago
318,gJOj_oRr9RE,https://youtube.com/watch?v=gJOj_oRr9RE,How to make face mask in 30 seconds (quick & easy) | DIY,2:08,2.1333333333333333,50K,1 month ago
319,DZmxkN7d43I,https://youtube.com/watch?v=DZmxkN7d43I,Reuse Surgical Mask? üòö Try this Fabric Face Mask Cover DIY,4:33,4.55,48K,2 weeks ago
320,C1K6znVDLsA,https://youtube.com/watch?v=C1K6znVDLsA,diy Face Mask Pleats Made Simple,2:48,2.8,47K,2 weeks ago
321,PIHDDhJWxyc,https://youtube.com/watch?v=PIHDDhJWxyc,make your own face mask!,2:14,2.2333333333333334,47K,1 month ago
322,nYIyylKphb8,https://youtube.com/watch?v=nYIyylKphb8,CDC Approved DIY No Sew Bandana Face Mask With Coffee Filter,2:18,2.3,46K,2 weeks ago
323,MSwnf73Exv8,https://youtube.com/watch?v=MSwnf73Exv8,General Motors to Make Face Masks for Frontline Workers,1:52,1.8666666666666667,46K,3 weeks ago
324,zNf_sqthJEo,https://youtube.com/watch?v=zNf_sqthJEo,FACE MASK SEWING TUTORIAL |  FACE MASK WITH FILTER POCKET | HOW TO MAKE FACE MASK AT HOME EASY,7:04,7.066666666666666,45K,6 days ago
325,2SMdgmY0YzY,https://youtube.com/watch?v=2SMdgmY0YzY,Homemade Face Mask with paper filter / How to make face mask / kid face mask,12:14,12.233333333333333,45K,1 month ago
326,h84dtQqunxE,https://youtube.com/watch?v=h84dtQqunxE,üö≤Awesome Face Mask at Home üçí How to Make Face Mask üåø Creative Face Mask Design !,3:17,3.283333333333333,44K,3 weeks ago
327,bbDSf9ftMIE,https://youtube.com/watch?v=bbDSf9ftMIE,Make a No-Sew Bandana Face Mask | Real Simple,1:02,1.0333333333333334,44K,2 weeks ago
328,R557P8tHUlg,https://youtube.com/watch?v=R557P8tHUlg,Make 2 Face Masks With the Sleeves of an Old Shirt,2:22,2.3666666666666667,43K,1 month ago
329,ElhahzbWmlY,https://youtube.com/watch?v=ElhahzbWmlY,How to Make Face Mask Templates,6:56,6.933333333333334,42K,3 weeks ago
330,riJNIQYlTWg,https://youtube.com/watch?v=riJNIQYlTWg,MAKE YOUR OWN FACE MASK - NO SEWING DIY | We Are The Davises,17:43,17.716666666666665,42K,1 week ago
331,ZgwkNldLLy0,https://youtube.com/watch?v=ZgwkNldLLy0,DIY *COMFORTABLE* NO SEW FACE MASK (takes seconds to make!),1:46,1.7666666666666666,41K,2 weeks ago
332,21EqdrDsGAc,https://youtube.com/watch?v=21EqdrDsGAc,HOW TO MAKE FACE MASK WITH FILTER POCKET ~ DIY Reusable Face Mask,5:50,5.833333333333333,41K,3 weeks ago
333,liWJIJWHqCw,https://youtube.com/watch?v=liWJIJWHqCw,Easy-to-make face mask,1:56,1.9333333333333333,41K,2 months ago
334,4SARO3uLSfM,https://youtube.com/watch?v=4SARO3uLSfM,How to make face mask | paano gumawa ng face mask,4:50,4.833333333333333,40K,2 months ago
335,uaPXRC588cY,https://youtube.com/watch?v=uaPXRC588cY,How to make a face mask for kids and adults. A NO SEW homemade mask tutorial.,3:44,3.7333333333333334,39K,4 weeks ago
336,Hr3MnMOohoU,https://youtube.com/watch?v=Hr3MnMOohoU,DIY - How to make a Cloth Face Mask!,4:41,4.683333333333334,39K,2 weeks ago
337,BuKPm6dW5_s,https://youtube.com/watch?v=BuKPm6dW5_s,DIY Life Hack - Make Face Covers and Masks From Kinesiology Tape,1:41,1.6833333333333333,39K,1 month ago
338,b1Y3FSAxj3g,https://youtube.com/watch?v=b1Y3FSAxj3g,How to Make a Face Mask Out of a T-Shirt for Coronavirus | (No Sew) DIY Face Mask w/ Filter Pocket,8:01,8.016666666666667,38K,4 days ago
339,mJ4eueBTfrM,https://youtube.com/watch?v=mJ4eueBTfrM,Sew a Cotton Face Mask - Easy Tutorial #adafruit #covid19 #facemask,2:18,2.3,38K,1 month ago
340,X-XrvjDaH6w,https://youtube.com/watch?v=X-XrvjDaH6w,How to Make Face Mask Pattern | Easy,5:49,5.816666666666666,37K,2 weeks ago
341,3jmRJil3dvU,https://youtube.com/watch?v=3jmRJil3dvU,DIY No Sew Face Mask | No Sew Face Mask Instructions | Make Face Mask at home with old Leggings,4:52,4.866666666666667,37K,4 days ago
342,blme9ZNzqSg,https://youtube.com/watch?v=blme9ZNzqSg,üö≤How to Make Face Mask at Home  üíô Awesome Face Mask Designs üçí Best Way to Make Face Mask !,1:48,1.8,37K,2 weeks ago
343,yZ9u8eWK31c,https://youtube.com/watch?v=yZ9u8eWK31c,How to make a mask without sewing machine | DIY FACE MASK,3:43,3.716666666666667,36K,1 week ago
344,jAJNXnAZUqo,https://youtube.com/watch?v=jAJNXnAZUqo,How To Make A No Sew Face Mask|How To Make Face Mask With Bag,2:41,2.6833333333333336,36K,3 weeks ago
345,NYGdzsMasHo,https://youtube.com/watch?v=NYGdzsMasHo,HOW TO MAKE A FACE SHIELD WITH PLASTIC BOTTLE | PROTECTION MASK AT HOME | ORIGAMI FACIL,2:34,2.5666666666666664,35K,3 weeks ago
346,CgHMSDz1H4Y,https://youtube.com/watch?v=CgHMSDz1H4Y,DIY Reusable Face Mask from T-shirt/Washable Mask with thread and needle/T-shirt Mask/ Hand stitched,5:45,5.75,35K,1 month ago
347,facklXqZXWM,https://youtube.com/watch?v=facklXqZXWM,DIY Face mask | Kids face mask | Reusable mask,10:42,10.7,35K,3 weeks ago
348,mHSplv8sJTQ,https://youtube.com/watch?v=mHSplv8sJTQ,üåπAwesome Face Mask Design ‚òî How to Make Face Mask at Home üö≤ Diy Stylish Face Masküå∑,2:42,2.7,34K,1 week ago
349,krjVp5A_dtw,https://youtube.com/watch?v=krjVp5A_dtw,DIY Face mask| No sewing machine |How to make a medical face mask without sewing machine,2:49,2.8166666666666664,34K,2 weeks ago
350,_tOSAACVHak,https://youtube.com/watch?v=_tOSAACVHak,Make Fabric Face Mask at home | DIY Face Mask No Sewing Machine | Easy Face Mask Pattern,3:41,3.6833333333333336,33K,2 days ago
351,rLgLTamyeCs,https://youtube.com/watch?v=rLgLTamyeCs,Trying to make face masks in double time! - Live sewing with Alyssa,1:10:26,1.1666666666666667,32K,Streamed 4 weeks ago
352,cJmM6wQ9Ggs,https://youtube.com/watch?v=cJmM6wQ9Ggs,How to make face mask with socks in 1 minute / must watch,2:05,2.0833333333333335,32K,2 weeks ago
353,GK7TdwX2JPY,https://youtube.com/watch?v=GK7TdwX2JPY,HOW TO MAKE A 3D FACE MASK WITHOUT SEWING MACHINE | DIY Fabric Mask Sewing Tutorial,10:49,10.816666666666666,30K,2 days ago
354,kWnMjdbeZJk,https://youtube.com/watch?v=kWnMjdbeZJk,How to make a Face Mask with the 3M 1900 Filters,7:36,7.6,30K,1 month ago
355,huNd_zP4RaQ,https://youtube.com/watch?v=huNd_zP4RaQ,How to Make Face Mask for Kids,9:48,9.8,28K,3 weeks ago
356,KR-Zi7ZSnHM,https://youtube.com/watch?v=KR-Zi7ZSnHM,Coronavirus outbreak: How to make your own face mask based on CDC guidelines,1:42,1.7,27K,2 weeks ago
357,BsOl6NQAMmE,https://youtube.com/watch?v=BsOl6NQAMmE,How to make easy fabric face mask tutorial/Paano gumawa ng face mask/ sewing projects,6:52,6.866666666666667,27K,1 month ago
358,2lZewX677KU,https://youtube.com/watch?v=2lZewX677KU,Make Fabric Face Mask at home | DIY Face Mask No Sewing Machine | Easy Face Mask Pattern,6:16,6.266666666666667,26K,3 days ago
359,tj9PobyXk2c,https://youtube.com/watch?v=tj9PobyXk2c,DIY Face Mask | Adhesive No Sew| Coronavirus | Covid-19,4:04,4.066666666666666,25K,3 weeks ago
360,OZFPZma-d0s,https://youtube.com/watch?v=OZFPZma-d0s,DIY FACE MASK - Mask/how to make face mask/ DIY Coronavirus face mask.,5:27,5.45,24K,1 month ago
361,V-4UclYoHq8,https://youtube.com/watch?v=V-4UclYoHq8,Creality's 3D-printed buckle makes wearing face masks more comfortable,2:19,2.3166666666666664,24K,4 weeks ago
362,ouzyG8bRhxU,https://youtube.com/watch?v=ouzyG8bRhxU,How to Make String Ties for a Cloth Face Mask,3:26,3.4333333333333336,23K,1 month ago
363,rU-DhARo2ZA,https://youtube.com/watch?v=rU-DhARo2ZA,DIY: Tutorial on How To Make a Face Mask in 5 mins EASY/ NO SEW with a Hot Glue Gun!,7:10,7.166666666666667,23K,3 weeks ago
364,WLarYsS6YIU,https://youtube.com/watch?v=WLarYsS6YIU,HOW TO MAKE  FACE MASK WITH FILTER POCKET |  FACE MASK SEWING TUTORIAL,6:37,6.616666666666667,22K,3 weeks ago
365,gnPSnkNWYJ0,https://youtube.com/watch?v=gnPSnkNWYJ0,How to make a Hospital approved fabric face mask -meets hospital criteria- with filter pocket,13:43,13.716666666666667,21K,1 day ago
366,m3k-s2qkfJw,https://youtube.com/watch?v=m3k-s2qkfJw,‡§´‡•á‡§∏ ‡§Æ‡§æ‡§∏‡•ç‡§ï ‡§¨‡§®‡§æ‡§®‡•á ‡§ï‡§æ ‡§Ü‡§∏‡§æ‡§® ‡§§‡§∞‡•Ä‡§ï‡§æ || How to make face mask at home || DIY homemade face Mask,3:52,3.8666666666666667,21K,4 weeks ago
367,ylGVwEeCPOE,https://youtube.com/watch?v=ylGVwEeCPOE,DIY 3D Printed Face Masks and over Protective equipment to make. - Anet ET4 printer unboxing.,5:13,5.216666666666667,21K,2 weeks ago
368,apo7hVOjKtM,https://youtube.com/watch?v=apo7hVOjKtM,How to Make DIY Homemade Mask using Tissue Paper | Face Mask and Dust Mask | n95 mask,5:11,5.183333333333334,21K,1 month ago
369,JEqUIMCyPag,https://youtube.com/watch?v=JEqUIMCyPag,How To Make Face Mask With Glue Gun,5:30,5.5,21K,1 month ago
370,UK6dHoS3TdQ,https://youtube.com/watch?v=UK6dHoS3TdQ,How to Make a Fabric Face Mask  - Tutorial by Trendy Tree,15:20,15.333333333333334,20K,1 month ago
371,_OFnNQ7hGrM,https://youtube.com/watch?v=_OFnNQ7hGrM,How to make Face mask from T-shirt / No sewing machine / DIY dust mask / Handmade mask at home,1:55,1.9166666666666665,20K,1 month ago
372,U6lpuEDIXDc,https://youtube.com/watch?v=U6lpuEDIXDc,DIY EP.42 | How to make Face Mask ( For Kids )  can put on Filter | Katay DIY,17:07,17.116666666666667,20K,1 month ago
373,DF5TIy0ijiE,https://youtube.com/watch?v=DF5TIy0ijiE,How To Make Face Mask with Filter pocket,6:49,6.816666666666666,19K,1 month ago
374,vgsp1L1W3kk,https://youtube.com/watch?v=vgsp1L1W3kk,DIY Face Mask | How to make Face Mask from Cloth Bag | Face Mask Sewing Tutorial,4:25,4.416666666666667,19K,4 weeks ago
375,9qYumTwIJxM,https://youtube.com/watch?v=9qYumTwIJxM,How to make a Covid-19 face mask using Hvac air filter.,19:12,19.2,19K,1 month ago
376,LGrG-lQImME,https://youtube.com/watch?v=LGrG-lQImME,Make Fabric Face Mask at Home - Mask Pattern Making with Plate - DIY Easy Mask No Sewing Machine,10:13,10.216666666666667,19K,4 days ago
377,NOfP9wOkEjk,https://youtube.com/watch?v=NOfP9wOkEjk,How To Make 3 Layers Face Mask at Home | DIY 3 Layer Face Mask with Filter Pocket,10:32,10.533333333333333,19K,1 month ago
378,LOynPjIbbB0,https://youtube.com/watch?v=LOynPjIbbB0,üö≤How to Make Face Mask üíô Awesome Handmade Face Mask at Home üçé Diy Face Mask Ideas !,3:20,3.3333333333333335,18K,3 weeks ago
379,7LQO5OyX8Ec,https://youtube.com/watch?v=7LQO5OyX8Ec,How to make crown royal purple face mask! No sew,18:55,18.916666666666668,18K,2 weeks ago
380,hSK6gcSq4vM,https://youtube.com/watch?v=hSK6gcSq4vM,How to Make a Paper Towel Face Mask with Staples & Rubber Bands or Machine Stitched,10:08,10.133333333333333,18K,3 weeks ago
381,Jrop3nqXCwI,https://youtube.com/watch?v=Jrop3nqXCwI,HOW TO MAKE BEST FIT FACE MASK FOR KIDS | Cloth Mask Sewing Tutorial | DIY Mask Using Shirt & Ties,10:06,10.1,17K,18 hours ago
382,Io7BfsIYwXo,https://youtube.com/watch?v=Io7BfsIYwXo,How To Create A Face Mask From Your Car Cover,3:50,3.8333333333333335,17K,1 month ago
383,vkTa8-qaeZg,https://youtube.com/watch?v=vkTa8-qaeZg,üíôMake Face Mask Out Of Rubber Bands ‚òî How to Make Face Mask at Home üíó Creative Face Mask Design !,2:29,2.4833333333333334,15K,1 week ago
384,OdwCho6Cdi4,https://youtube.com/watch?v=OdwCho6Cdi4,How to diy maximum protection face mask in few minutes - DIY,4:53,4.883333333333333,15K,1 month ago
385,G0wDagrmObk,https://youtube.com/watch?v=G0wDagrmObk,HOW TO MAKE FACE MASK AT HOME USING T-SHIRT & HAIR TIES | DIY Face Mask without Sewing Machine,7:16,7.266666666666667,14K,2 weeks ago
386,VVrAwWT1Mi8,https://youtube.com/watch?v=VVrAwWT1Mi8,How to make Face Mask at Home - DIY Face Mask Tutorial,2:14,2.2333333333333334,13K,1 month ago
387,V3JOdoHiA5s,https://youtube.com/watch?v=V3JOdoHiA5s,FACE MASK SEWING TUTORIAL |  CLOTH FACE MASK PATTERN | HOW TO MAKE FACE MASK WITH FILTER POCKET,11:43,11.716666666666667,13K,2 weeks ago
388,wAVr0cK9_M4,https://youtube.com/watch?v=wAVr0cK9_M4,DIY Face Mask with nose clip - Easy Tutorial,6:12,6.2,13K,3 weeks ago
389,usEOjl988N4,https://youtube.com/watch?v=usEOjl988N4,How to Make Face Mask at Home ~ DIY Face Mask,2:40,2.6666666666666665,12K,3 days ago
390,-nhy1-MNaUY,https://youtube.com/watch?v=-nhy1-MNaUY,‚òîHow to Make Face Mask üçé Amazing Face Mask Design at Home üå∏ Creative Way to Make Face Mask !,2:28,2.466666666666667,12K,2 weeks ago
391,clplniCS-gw,https://youtube.com/watch?v=clplniCS-gw,"How to Make Face Mask With Hot Glue Gun, No Sew, Free Template, Kids Facemask for CoronaVirus",8:21,8.35,12K,3 weeks ago
392,Qa4D_2NgmRE,https://youtube.com/watch?v=Qa4D_2NgmRE,Make Fabric Face Mask at home || DIY Face Mask No Sewing Machine  ||Easy Face Mask Pattern,4:52,4.866666666666667,11K,1 day ago
393,YLtPtjbhxuw,https://youtube.com/watch?v=YLtPtjbhxuw,How to make pleated face mask for kids (M size),3:46,3.7666666666666666,11K,2 days ago
394,yrgoL0MdxdU,https://youtube.com/watch?v=yrgoL0MdxdU,How to Make a Cloth Face Mask | Kaiser Permanente,14:02,14.033333333333333,10K,1 week ago
395,o4AtSQf8tqY,https://youtube.com/watch?v=o4AtSQf8tqY,how to make cloth face mask at home | homemade face mask in tamil | mask cutting and stitching,5:03,5.05,10K,4 weeks ago
396,VyhFul6rdsQ,https://youtube.com/watch?v=VyhFul6rdsQ,Make Fabric Face Mask at home | DIY Face Mask No Sewing Machine | Easy Face Mask Pattern,3:37,3.6166666666666667,10K,4 days ago
397,fNe75k0pnFU,https://youtube.com/watch?v=fNe75k0pnFU,Coronavirus: Iranians Make Face Masks,1:58,1.9666666666666668,10K,3 weeks ago
398,Jom2M1lvZJg,https://youtube.com/watch?v=Jom2M1lvZJg,üå∑Make Face Mask Easy ‚òî How to Make Face Mask at Home üåπ Diy Face Mask Designs !,2:38,2.6333333333333333,10K,2 weeks ago
399,zwC7ynqzakE,https://youtube.com/watch?v=zwC7ynqzakE,HOW TO MAKE FACE MASK WITH FILTER POCKET ~ DIY Reusable Face Mask,8:04,8.066666666666666,10K,1 week ago
400,AcG5fyrUToY,https://youtube.com/watch?v=AcG5fyrUToY,EASY TO MAKE FACE MASK | HAND SEW TUTORIAL FOR TEENAGERS AND ADULTS,3:05,3.0833333333333335,9.9K,3 weeks ago
401,Bn2RrlIkukE,https://youtube.com/watch?v=Bn2RrlIkukE,‚úÇÔ∏èHow to make easy and simple face mask üò∑ from old jeansüëñ | How to make mask to prevent coronavirus,3:26,3.4333333333333336,9.2K,1 month ago
402,SOMnwgNy9T4,https://youtube.com/watch?v=SOMnwgNy9T4,üåπMake Stylish Face Mask at Home ‚òî Awesome Face Mask Idea üíô How to Make Face Mask !,2:40,2.6666666666666665,9.2K,1 week ago
403,05NbOq4N78I,https://youtube.com/watch?v=05NbOq4N78I,DIY : HOW TO MAKE FACEMASK USING SOCK / EASY AND QUICK DIY FACEMASK / NO SEW FACEMASK,2:33,2.55,9.2K,2 weeks ago
404,KAv7ibAMEPU,https://youtube.com/watch?v=KAv7ibAMEPU,[Super Easy] How To Make Face Mask At Home || Mask Making by Tissue Paper | DIY Face Mask,2:07,2.1166666666666667,8.9K,1 month ago
405,DsMcHGb62f4,https://youtube.com/watch?v=DsMcHGb62f4,How to Make a Face Mask Out of a Bandana No Sew,2:30,2.5,8.2K,6 days ago
406,UcHOSgAP4AQ,https://youtube.com/watch?v=UcHOSgAP4AQ,An Easy Way To Make A Face Mask| DIY Mask Pattern From Plate,3:45,3.75,8.1K,6 days ago
407,MYLh18sUZVg,https://youtube.com/watch?v=MYLh18sUZVg,Make Fabric Face Mask at Home - Face Mask with Filter Pocket - DIY Easy Face Mask No Sewing Machine,13:28,13.466666666666667,7.7K,6 days ago
408,ru5z1CM88AM,https://youtube.com/watch?v=ru5z1CM88AM,"how to make face mask , diy face mask from handkercheif , Rumal se mask kese banate hai",1:08,1.1333333333333333,7.2K,1 month ago
409,W9_qPT8hgno,https://youtube.com/watch?v=W9_qPT8hgno,‚òîDIY Face Mask with Hair Rubber Bandsüå∑How to Make Face MasküíôHair Rubber Bands CraftsüíúStay Home !,2:35,2.5833333333333335,7.1K,5 days ago
410,FZ9L3wrkIJw,https://youtube.com/watch?v=FZ9L3wrkIJw,Make Fabric Face Mask at home | DIY Face Mask No Sewing Machine | Easy Face Mask Pattern,14:14,14.233333333333333,7K,1 week ago
411,x-8G2pgHm58,https://youtube.com/watch?v=x-8G2pgHm58,DIY | How to make face mask without sewing machine,5:02,5.033333333333333,6.7K,4 weeks ago
412,56WWNbKd1C0,https://youtube.com/watch?v=56WWNbKd1C0,How to make a no-sew face mask at home,1:04,1.0666666666666667,6.6K,5 days ago
413,XQ440VhnUDc,https://youtube.com/watch?v=XQ440VhnUDc,üçéMake Face Mask with Rubber Bands ‚òî How to Make Face Mask üçÄ Hair Rubber Face Mask Ideas !,2:59,2.9833333333333334,5.8K,4 days ago
414,D5_YnsbuAVM,https://youtube.com/watch?v=D5_YnsbuAVM,üå∑Awesome Face Mask Out Of Rubber Bands üíú Make Face Mask at Home üçí How to Make Face Masküåπ,2:33,2.55,5.7K,6 days ago
415,PElUClwpFPw,https://youtube.com/watch?v=PElUClwpFPw,NO-SEW PLEATED FACE MASK IN 1 MINUTE | How to make Face Mask at Home,2:26,2.4333333333333336,5.6K,1 week ago
416,XPt_Bx73wUU,https://youtube.com/watch?v=XPt_Bx73wUU,How to make a face mask with paper towel in 2 minutes - DIY - COVID19,2:14,2.2333333333333334,5.6K,1 month ago
417,gWQaZVWMDPQ,https://youtube.com/watch?v=gWQaZVWMDPQ,üö≤Make Fabric Face Mask at Home üíô How to Make Face Mask üíñ Awesome Face Mask Ideas üíß,3:12,3.2,5.4K,3 days ago
418,4JqbDFUQ6f4,https://youtube.com/watch?v=4JqbDFUQ6f4,Easy and simple How to make Face mask at home | corona safety mask cutting and stitching in Tamil |,4:40,4.666666666666667,5.1K,4 weeks ago
419,ZhJr_FKJ2Gg,https://youtube.com/watch?v=ZhJr_FKJ2Gg,"How to make a disposable facemask with paper towel, a stapler and 2 elastic bands in 45 seconds",2:17,2.283333333333333,5K,1 month ago
420,5FKeJ4vlOok,https://youtube.com/watch?v=5FKeJ4vlOok,HOW TO MAKE FACE MASK with GLUE GUN / NO SEW DIY Homemade Mask Tutorial,5:21,5.35,4.9K,2 weeks ago
421,qc0RfS9RtxY,https://youtube.com/watch?v=qc0RfS9RtxY,How to easily make face mask ear adapter at home | DIY,2:26,2.4333333333333336,4.7K,6 hours ago
422,oEfdjkIcGDY,https://youtube.com/watch?v=oEfdjkIcGDY,DIY cloth face mask/DIY Coronavirus face mask/how to make face mask with cloth carry bag/mask making,7:48,7.8,4.7K,1 month ago
423,PEqrONBlTWA,https://youtube.com/watch?v=PEqrONBlTWA,"How to make face shield, DIY Washable Face Shield Mask using Plastic Folder, no sewing or cutting!",2:22,2.3666666666666667,4.5K,2 weeks ago
424,dEE1UcsX9jY,https://youtube.com/watch?v=dEE1UcsX9jY,How To Make A Covid-19 Face Mask At Home With Basic Materials,10:52,10.866666666666667,4.4K,1 month ago
425,1lY1p29jk-o,https://youtube.com/watch?v=1lY1p29jk-o,How to make FACE MASK Tutorial | EASY Sewing Face Mask | DIY FACE MASK,5:18,5.3,4.4K,1 month ago
426,l5CWZcw9YEQ,https://youtube.com/watch?v=l5CWZcw9YEQ,Make Fabric Face Mask at Home - Mask Making with Hair Band - DIY Easy Face Mask No Sewing Machine,4:51,4.85,4.3K,3 days ago
427,5DhjrZlnZ1Y,https://youtube.com/watch?v=5DhjrZlnZ1Y,Make Protective Fabric Face masks with your Long Arm quilting machine.,11:10,11.166666666666666,4.3K,2 weeks ago
428,gl42G882pGo,https://youtube.com/watch?v=gl42G882pGo,How to make face mask with napkin | DIY,2:38,2.6333333333333333,4.1K,1 month ago
429,7zl2alZFNLA,https://youtube.com/watch?v=7zl2alZFNLA,How to Make Face Mask without Sewing Machine | Sonali's Creations,6:48,6.8,4.1K,3 days ago
430,-WGuDWvV-jg,https://youtube.com/watch?v=-WGuDWvV-jg,How to make face mask ear saver in 2 minute | Ear protector \ Ear Adapter for face mask | Beads Art,2:16,2.2666666666666666,4.1K,1 week ago
431,6iN1sPAtoEo,https://youtube.com/watch?v=6iN1sPAtoEo,How to make Face Mask Coffee Filter with Coffee Filter | Easy |,1:26,1.4333333333333333,3.9K,4 weeks ago
432,lVwBqlB7fQs,https://youtube.com/watch?v=lVwBqlB7fQs,How to Make Face Mask at Home/ DIY Face Mask/ Handmade Mask,4:17,4.283333333333333,3.7K,1 month ago
433,Kd-fERIi9wk,https://youtube.com/watch?v=Kd-fERIi9wk,How to make a face mask from tissue papers,12:37,12.616666666666667,3.3K,1 month ago
434,9XzUHbbFwSk,https://youtube.com/watch?v=9XzUHbbFwSk,COVID-19: COVER YOUR NOSE' ABA MADE FACE MASKS FLOOD MARKET,3:48,3.8,3.1K,1 day ago
435,2XWbwNYl5hY,https://youtube.com/watch?v=2XWbwNYl5hY,How to make your own face mask at home  | LBC,1:05,1.0833333333333333,3.1K,3 days ago
436,XMqOdaM21sk,https://youtube.com/watch?v=XMqOdaM21sk,EASY DIY How to Make Face Mask by Hand No Elastic Tutorial,10:14,10.233333333333333,2.9K,3 weeks ago
437,TINbb5965OE,https://youtube.com/watch?v=TINbb5965OE,diy reusable face mask sewing  tutorial | how to make face mask with filter pocket | homemade mask.,5:24,5.4,2.8K,4 days ago
438,_BlpD89AHrY,https://youtube.com/watch?v=_BlpD89AHrY,Founder of Hedley & Bennett on how they make face masks and her favorite quick recipes,31:23,31.383333333333333,2.8K,1 week ago
439,lbYl6-2LKPo,https://youtube.com/watch?v=lbYl6-2LKPo,HOW TO MAKE FACE MASK AT HOME EASY/‡∂±‡∑í‡∑Ä‡∑É‡∑ö‡∂Ø‡∑ì‡∂∏ ‡∑Ü‡∑ö‡∑É‡∑ä ‡∂∏‡∑è‡∑É‡∑ä‡∂ö‡∑ä ‡∂ë‡∂ö‡∂ö‡∑ä ‡∑Ñ‡∂Ø‡∑è‡∂ú‡∂±‡∑ä‡∂±‡∑è ‡∂Ü‡∂ö‡∑è‡∂ª‡∂∫,3:13,3.216666666666667,2.8K,1 month ago
440,uKMm8lwRi2s,https://youtube.com/watch?v=uKMm8lwRi2s,Make your own Face mask in 10 minutes! | Community tutorials #makewithme,6:19,6.316666666666666,2.7K,2 days ago
441,WBJqRySmmbU,https://youtube.com/watch?v=WBJqRySmmbU,25 March 2020   How to make a mask  out of a G-string / Thong ...  Stay safe from the COVID 19,0:11,0.18333333333333332,2.5K,1 month ago
442,VIKdzJ-ijx4,https://youtube.com/watch?v=VIKdzJ-ijx4,üå∑How to Make Face Mask at Home üíô Make Fabric Face Mask üçè Awesome Face Mask Design üö≤,2:50,2.8333333333333335,2.4K,1 day ago
443,LmevAtcB1T8,https://youtube.com/watch?v=LmevAtcB1T8,"Iran made Face mask, Medical Antibacterial & Antivirus agents ŸÖÿßÿ≥ŸÉ ÿµŸàÿ±ÿ™ Ÿà ÿ∂ÿØÿπŸÅŸàŸÜŸä ÿ®ŸäŸÖÿßÿ±ÿ≥ÿ™ÿßŸÜŸä",2:37,2.6166666666666667,2.2K,2 months ago
444,CU1DwO659zM,https://youtube.com/watch?v=CU1DwO659zM,How to Make PM 2.5 Face Mask / Kako da napravite PM 2.5 maska za lice,4:43,4.716666666666667,2K,1 month ago
445,8NEZMEN5VBE,https://youtube.com/watch?v=8NEZMEN5VBE,3 Layer Face Mask | How To Make Face Mask At Home | Mask Making From Tissue Bag | DIY Face Mask,5:07,5.116666666666666,2K,1 month ago
446,dnDRpmne8mQ,https://youtube.com/watch?v=dnDRpmne8mQ,DIY FACE MASK | How to make a mask handmade | DIY Face Mask No Sewing Machine #1,6:53,6.883333333333333,2K,2 days ago
447,HW_pVO_JnZY,https://youtube.com/watch?v=HW_pVO_JnZY,How to Sew Face Mask BIG SIZE-Make Face Mask by Hands Simple/ Face Mask Pattern BIG SIZE,6:55,6.916666666666667,2K,4 days ago
448,vtwPv3KrVSw,https://youtube.com/watch?v=vtwPv3KrVSw,Make FACE MASKS And Sell From Home In 2020! DIY/ Tutorials,4:33,4.55,1.9K,2 weeks ago
449,BcCctNa96oY,https://youtube.com/watch?v=BcCctNa96oY,How to make a face mask from baby wipes,1:39,1.65,1.9K,1 month ago
450,X5OuQcZCiFE,https://youtube.com/watch?v=X5OuQcZCiFE,How to make a Face Mask with Lock Laces¬Æ!,1:32,1.5333333333333332,1.8K,1 week ago
451,aucRP17EfSw,https://youtube.com/watch?v=aucRP17EfSw,How to Make a Double Layer Cotton Face Mask to help Medical Professionals and First Responders.,4:15,4.25,1.8K,1 month ago
452,nbRgEAsl2qc,https://youtube.com/watch?v=nbRgEAsl2qc,‚òî‡¶∞‡¶æ‡¶¨‡¶æ‡¶∞ ‡¶¨‡ßç‡¶Ø‡¶æ‡¶®‡ßç‡¶° ‡¶¶‡¶ø‡¶Ø‡¶º‡ßá ‡¶Ö‡¶∏‡¶æ‡¶Æ ‡¶Æ‡¶æ‡¶∏‡ßç‡¶ï ‡¶°‡¶ø‡¶ú‡¶æ‡¶á‡¶® üçé Make Face Mask at Homeüå∑ Hair Rubber Bands Face Mask Idea !,2:44,2.7333333333333334,1.7K,8 hours ago
453,QX20a3not2U,https://youtube.com/watch?v=QX20a3not2U,"Gor Mahia fan, Jaro Soja, makes face masks for fans",2:16,2.2666666666666666,1.5K,5 days ago
454,m7_nxiJm3dI,https://youtube.com/watch?v=m7_nxiJm3dI,How YOU can make FACE  mask COVER from scarf.3 BEST face MASK cover from SCARVES for women and  men.,8:05,8.083333333333334,1.5K,1 week ago
455,3TFXjkx_Veo,https://youtube.com/watch?v=3TFXjkx_Veo,How To Make Disposable Face Mask From Paper Towel!,3:18,3.3,1.4K,1 month ago
456,6gbQOIaNaTM,https://youtube.com/watch?v=6gbQOIaNaTM,How to make face mask at home,4:27,4.45,1.3K,3 days ago
457,4IhkqOtYGD0,https://youtube.com/watch?v=4IhkqOtYGD0,[DIY] How to make face mask for Coronavirus Handmade!!! #Coronavirus #Mask,3:50,3.8333333333333335,1.3K,1 month ago
458,qSdq1pe-FlU,https://youtube.com/watch?v=qSdq1pe-FlU,How to Make Face Masks,13:38,13.633333333333333,1.3K,1 month ago
459,24g2wm-QCJI,https://youtube.com/watch?v=24g2wm-QCJI,How To Make Mask At Home || Bundeli Creation || Ram Kushwaha #facemask #homemademask #mask,7:38,7.633333333333333,1.3K,1 month ago
460,xoIpTpGioTA,https://youtube.com/watch?v=xoIpTpGioTA,2 Types of Face mask yourself/How to make clothes/very Easy method/New Crafts,5:46,5.766666666666667,1.2K,4 weeks ago
461,1LGqbWHOlO4,https://youtube.com/watch?v=1LGqbWHOlO4,HOW TO MAKE FACE MASKüî•FROM PAPER TOWELüî•EASILY IN 5 MINUTES/TUTORIAL,8:34,8.566666666666666,1.2K,4 weeks ago
462,3VngvmI0qJI,https://youtube.com/watch?v=3VngvmI0qJI,How to Make a Simple Face Mask,4:39,4.65,1.2K,1 month ago
463,jdf8Jv71hbE,https://youtube.com/watch?v=jdf8Jv71hbE,how to make this type tik tok face mask video today evening come out,0:06,0.1,1.1K,11 months ago
464,7dyE7LxB8a4,https://youtube.com/watch?v=7dyE7LxB8a4,"Anti ageing and Whitening,Glowing Face Mask.by build up beauty",7:46,7.766666666666667,1.1K,3 months ago
465,LdWCz44EOCA,https://youtube.com/watch?v=LdWCz44EOCA,How to make face mask at home | face mask banany ka tarika | ShanHealthyTips,4:03,4.05,1.1K,1 month ago
466,N8EhPplATK8,https://youtube.com/watch?v=N8EhPplATK8,How To Make Face Mask In Under 5 Min !,6:59,6.983333333333333,1.1K,1 month ago
467,UgfSgf71M78,https://youtube.com/watch?v=UgfSgf71M78,üá™üá∑üá™üá∑·ä®·àò·ã≠ ·åà·à≠·äì ·àõ·àµ·ä≠ ·ä£·â• ·åà·ãõ·äì ·äï·à∞·à≠·àïüò∑·ç¢How to make face mask at homeüò∑,9:13,9.216666666666667,1.1K,4 weeks ago
468,shEBYsClpVs,https://youtube.com/watch?v=shEBYsClpVs,Dead Sea Mud Face Mask - [Made In U.K] Facial Anti Ageing Blackhead Remover For All Skin Types,1:02,1.0333333333333334,1K,6 months ago
469,Ol9YlNuV4sY,https://youtube.com/watch?v=Ol9YlNuV4sY,Make a nice face mask from old clothes | no sewing machine,13:29,13.483333333333333,1K,2 days ago
470,SrFzVLmbCWY,https://youtube.com/watch?v=SrFzVLmbCWY,Paper face mask,1:08,1.1333333333333333,1K,4 weeks ago
471,8fimxIYzZ7k,https://youtube.com/watch?v=8fimxIYzZ7k,USA: Residents react as San Francisco makes face masks mandatory,2:42,2.7,1K,3 days ago
472,DOhZ8G7Mc8o,https://youtube.com/watch?v=DOhZ8G7Mc8o,DIY face Mask No Sewing Machine | Make Face Mask at Home | Cloth Mask | Jarine's Crafty Creation,4:39,4.65,928,1 day ago
473,hK8fHPCEvfw,https://youtube.com/watch?v=hK8fHPCEvfw,How to Make a Face Mask üò∑ with Tissue in 1 Minute,3:19,3.3166666666666664,886,1 month ago
474,WlbgxEgTsNI,https://youtube.com/watch?v=WlbgxEgTsNI,Make Face Mask From a Bra | Easy DIY,0:57,0.95,880,1 week ago
475,zQERe7Preh0,https://youtube.com/watch?v=zQERe7Preh0,How to Make a Face Mask,9:43,9.716666666666667,876,1 month ago
476,9Wy90Hp6oVY,https://youtube.com/watch?v=9Wy90Hp6oVY,How to make face mask with ear adapter to prevent ear pain | DIY,6:55,6.916666666666667,781,4 hours ago
477,kw39suFMt9Q,https://youtube.com/watch?v=kw39suFMt9Q,How To Make Mask At Home / How to make Face mask easily at home,4:07,4.116666666666666,758,1 month ago
478,HYdyAzmXgb4,https://youtube.com/watch?v=HYdyAzmXgb4,"Iran Soha Helal co. made Nano face mask, Antiseptic agents, Medical isolation gown ŸæŸàÿ¥ÿßŸÉ ÿ®ŸäŸÖÿßÿ±ÿ≥ÿ™ÿßŸÜŸä",1:53,1.8833333333333333,751,1 month ago
479,AhIM7lgQULA,https://youtube.com/watch?v=AhIM7lgQULA,How to make face mask ŸÉŸÖÿßŸÖÿ© ŸÉŸàÿ±ŸàŸÜÿßüòÇüôà  ÿ¨ÿØ ÿ≥ŸáŸÑÿ© Ÿàÿ®ÿ≥Ÿäÿ∑ÿ©,1:14,1.2333333333333334,741,4 weeks ago
480,KlzYwsi9GgE,https://youtube.com/watch?v=KlzYwsi9GgE,How To Make Face Mask At Home By paper,4:23,4.383333333333334,716,4 weeks ago
481,v-5W0Ekyjzk,https://youtube.com/watch?v=v-5W0Ekyjzk,How to Make a DIY Simple Clay Face Mask!,0:52,0.8666666666666667,697,11 months ago
482,3oLNepHRm9A,https://youtube.com/watch?v=3oLNepHRm9A,How to Make a Face Mask | COVID19 DEMAND | Stressed and Stuck at Home | Helping the Community,16:43,16.716666666666665,687,1 month ago
483,eanBhZ-5oOM,https://youtube.com/watch?v=eanBhZ-5oOM,Make Fabric Face Mask at Home | Diy Face Mask No Sewing Machine | Easy Face Mask by Kidz #COVID-19,3:38,3.6333333333333333,679,2 days ago
484,QPfLlGUUAqs,https://youtube.com/watch?v=QPfLlGUUAqs,Anti Aging Turmeric Face Mask That Will Make You Look 10 Years Younger1!,3:27,3.45,674,8 months ago
485,wxtSNDywn7M,https://youtube.com/watch?v=wxtSNDywn7M,DIY How to make face mask step by step tutorial,9:46,9.766666666666667,669,1 month ago
486,2d_DzJEL384,https://youtube.com/watch?v=2d_DzJEL384,How to make Face mask at home easy |Reusable Face mask making at Home | Face mask with filter,5:22,5.366666666666666,653,1 day ago
487,DV5u1HcBW2s,https://youtube.com/watch?v=DV5u1HcBW2s,How to make face mask || NO Sewing machine! Diy easy to make facemask,10:09,10.15,651,12 hours ago
488,m9o61-Vd8iU,https://youtube.com/watch?v=m9o61-Vd8iU,How To Make Quick and Easy Homemade Hand sanitizer & Face mask Little Corona Fighters tells us,5:12,5.2,639,1 month ago
489,G9MN5nVZ2DA,https://youtube.com/watch?v=G9MN5nVZ2DA,Super Easy cloth face  mask - How To Make Face Mask At Home- DIY Face Mask - Mask Making by fabric,3:49,3.8166666666666664,631,1 day ago
490,j-3E-yW5W2c,https://youtube.com/watch?v=j-3E-yW5W2c,Why do Asians wear face masks? Do they wear masks just for Corona virus prevention?,3:01,3.0166666666666666,581,1 month ago
491,C19b810vE3M,https://youtube.com/watch?v=C19b810vE3M,How to make face mask for detanning/ tan removal. Tan removal at home. Easy DIY for tan removal.,3:30,3.5,571,8 months ago
492,UooVJPJ9n_Y,https://youtube.com/watch?v=UooVJPJ9n_Y,Easiest Way to make Face Mask without Sewing Machine at Home | Sonali's Creations,4:22,4.366666666666666,547,12 hours ago
493,31iaLdWYSDA,https://youtube.com/watch?v=31iaLdWYSDA,üçéMake Fabric Face Mask Idea üíô How to Make Face Mask at Home ‚òî Creative Face Mask Design üíß,4:13,4.216666666666667,500,5 hours ago
494,2X__9tDDRT4,https://youtube.com/watch?v=2X__9tDDRT4,How To Make Face Masks from Crown Royal Bags,18:04,18.066666666666666,494,3 days ago
495,9m9isAvWZf8,https://youtube.com/watch?v=9m9isAvWZf8,Hand made Face Mask Ideas | Full face mask,10:56,10.933333333333334,490,4 hours ago
496,pJ1tOWRys6Y,https://youtube.com/watch?v=pJ1tOWRys6Y,Ep. 3 | DIY Projects | How to Make Fabric Face Masks | French Creek Farmhouse,10:43,10.716666666666667,477,4 weeks ago
497,cL_XoJk0LzE,https://youtube.com/watch?v=cL_XoJk0LzE,DIY Face mask *UPDATE* | What you can use to make Face mask if you cannot find them,3:05,3.0833333333333335,465,4 weeks ago
498,NgWZdb8JYNI,https://youtube.com/watch?v=NgWZdb8JYNI,Face Mask Sewing Tutorial | How to Make Face Mask | Homemade mask | Face Mask Ideas,4:55,4.916666666666667,458,1 week ago
499,NeausmpPR38,https://youtube.com/watch?v=NeausmpPR38,DIY Home Made Face Mask #quarantine #stayhome #staysafe,2:10,2.1666666666666665,452,4 weeks ago
500,pzDwTHxpSi0,https://youtube.com/watch?v=pzDwTHxpSi0,HOPE MAKES FACE MASKS!!!,12:16,12.266666666666667,441,2 days ago
501,9Nte6dZ7hkA,https://youtube.com/watch?v=9Nte6dZ7hkA,How to make a face mask quick,7:33,7.55,438,1 month ago
502,GkOPUVr0yjc,https://youtube.com/watch?v=GkOPUVr0yjc,DIY face mask || Home made face mask || Disposable face mask || flavour's shore,1:53,1.8833333333333333,423,1 month ago
503,FhZC-Hf1IVo,https://youtube.com/watch?v=FhZC-Hf1IVo,How To Make A Face Mask Out Of Bandana ( please share),6:10,6.166666666666667,417,15 hours ago
504,cdVz-Rhq_lw,https://youtube.com/watch?v=cdVz-Rhq_lw,How to make  face mask at home | episode 001,0:53,0.8833333333333333,402,2 days ago
505,8eXTcaSS3Gc,https://youtube.com/watch?v=8eXTcaSS3Gc,How To Make Mask At Home üò∑ Best Way Make Face Mask Easily | DIY | DIY Mask | Handmade Mask,6:49,6.816666666666666,401,1 month ago
506,rZDIuZuNTYU,https://youtube.com/watch?v=rZDIuZuNTYU,easy to make face mask at home\diy face mask with cotton cloth,5:49,5.816666666666666,349,3 days ago
507,8JJylhaGtZ8,https://youtube.com/watch?v=8JJylhaGtZ8,Wearing of face masks made mandatory in Accra to stop COVID-19 spread | Citi Newsroom,3:46,3.7666666666666666,304,2 days ago
508,b6yh7iZv03Y,https://youtube.com/watch?v=b6yh7iZv03Y,Make face mask at Home | Â¶Ç‰ΩïÂú®ÂÆ∂Ë£Ω‰ΩúÈù¢ËÜú | Make Fabric Face Mask at home | DIY Face Mask No Sewing Machine,4:20,4.333333333333333,298,1 day ago
509,AQq9_sBjnFs,https://youtube.com/watch?v=AQq9_sBjnFs,How to make a Face Mask at Home| DIY face mask no sewing machine | ‡§ê‡§∏‡•á ‡§¨‡§®‡§æ‡§è‡§Ç ‡§´‡•á‡§∏ ‡§Æ‡§æ‡§∏‡•ç‡§ï | Beads art,5:04,5.066666666666666,224,14 hours ago
510,PhrnT1ARZaM,https://youtube.com/watch?v=PhrnT1ARZaM,DIY COMO HACER M√ÅSCARA PROTECTORA„Äã HOW TO MAKE FACE MASK,11:03,11.05,209,8 hours ago
511,4feAhdTDKac,https://youtube.com/watch?v=4feAhdTDKac,Locally made face masks to hit the market this Wednesday,2:55,2.9166666666666665,160,5 days ago
512,OA3q3KpTe5I,https://youtube.com/watch?v=OA3q3KpTe5I,How to make a DIY face masks/ Home made face masks/ Uko wakora mask,3:38,3.6333333333333333,158,2 days ago
513,TUJr89LQao8,https://youtube.com/watch?v=TUJr89LQao8,Nuns make face masks to help halt pandemic spread,5:13,5.216666666666667,118,3 hours ago
514,LFJYE1pEyYs,https://youtube.com/watch?v=LFJYE1pEyYs,How To Make Face Mask Without Sewing Machine| | Fabric Face Mask,8:48,8.8,114,1 day ago
515,DH3AEbaIEDY,https://youtube.com/watch?v=DH3AEbaIEDY,Dene language - how to make face mask,18:09,18.15,109,6 days ago
516,8VL3rzRaFTA,https://youtube.com/watch?v=8VL3rzRaFTA,How to make face mask at home easy way/ make face mask from cloth bag /Face mask Sewing tutorial,4:07,4.116666666666666,85,21 hours ago
517,7AvCr5QdJd0,https://youtube.com/watch?v=7AvCr5QdJd0,DIY : How to make face mask without sewing machine,6:06,6.1,77,14 hours ago
518,jLdwexZ44xw,https://youtube.com/watch?v=jLdwexZ44xw,Face Mask Sewing Tutorial | DIY Cloth Face Mask | How to make Face Mask with Filter Pocket,6:26,6.433333333333334,71,2 hours ago
519,MQZAbz0iu2Q,https://youtube.com/watch?v=MQZAbz0iu2Q,How To Make Mask At Home - How to Make a Face Mask at Home Easy - How To Make  Mask By Tissue Paper,1:31,1.5166666666666666,60,22 hours ago
520,69cTjem9ETM,https://youtube.com/watch?v=69cTjem9ETM,HOW TO MAKE FACE MASK WITH PLASTIC EYES COVER | EASY TO MAKE | WASHABLE,6:17,6.283333333333333,60,2 days ago
